date,open,high,close,low,volume,price_change,p_change,ma5,ma10,ma20,v_ma5,v_ma10,v_ma20,turnover
2017/11/17,4.84,4.96,4.68,4.65,2678827,-0.18,-3.7,4.83,4.837,4.586,2821302.35,3909071.68,3476759.63,2.98
2017/11/16,4.81,4.9,4.86,4.66,2597084.25,0.03,0.62,4.89,4.797,4.556,3187315.95,3862460.28,3492879.66,2.89
2017/11/15,4.81,4.91,4.83,4.79,2190207,0.01,0.21,4.92,4.733,4.521,3566441.2,3806569.35,3544160.89,2.43
2017/11/14,4.92,4.96,4.82,4.75,3449552,-0.14,-2.82,4.904,4.671,4.49,3994205.9,3823100.8,3747831.44,3.83
2017/11/13,5,5.08,4.96,4.92,3190841.5,-0.02,-0.4,4.9,4.623,4.45,4541293.1,3714042.58,3763031.29,3.54
2017/11/10,4.99,5.14,4.98,4.96,4508895,-0.03,-0.6,4.844,4.567,4.396,4996841,3743331.8,3829348.91,5.01
2017/11/9,4.73,5.13,5.01,4.72,4492710.5,0.26,5.47,4.704,4.515,4.335,4537604.6,3667448.6,3694155.5,4.99
2017/11/8,4.83,4.91,4.75,4.73,4329030.5,-0.05,-1.04,4.546,4.456,4.268,4046697.5,3673935.75,3519498.89,4.81
2017/11/7,4.71,4.95,4.8,4.68,6184988,0.12,2.56,4.438,4.421,4.215,3651995.7,3595150.5,3358910.32,6.87
2017/11/6,4.27,4.71,4.68,4.25,5468581,0.4,9.35,4.346,4.368,4.162,2886792.05,3223019.28,3127902.83,6.08
2017/11/3,4.21,4.35,4.28,4.2,2212713,0.06,1.42,4.29,4.334,4.114,2489822.6,3044447.58,2989937.34,2.46
2017/11/2,4.2,4.29,4.22,4.13,2038175,0.01,0.24,4.326,4.315,4.078,2797292.6,3123299.05,2909375.49,2.26
2017/11/1,4.35,4.36,4.21,4.19,2355521.5,-0.13,-3,4.366,4.309,4.048,3301174,3281752.43,2863475.18,2.62
2017/10/31,4.34,4.4,4.34,4.27,2358969.75,-0.06,-1.36,4.404,4.309,4.014,3538305.3,3672562.08,2770615.94,2.62
2017/10/30,4.44,4.54,4.4,4.38,3483733.75,-0.06,-1.34,4.39,4.276,3.975,3559246.5,3812020,2678283.71,3.87
2017/10/27,4.42,4.53,4.46,4.28,3750063,0.04,0.91,4.378,4.224,3.93,3599072.55,3915366.03,2525821.93,4.17
2017/10/26,4.4,4.62,4.42,4.35,4557582,0.02,0.46,4.304,4.154,3.886,3449305.5,3720862.4,2376163.98,5.06
2017/10/25,4.28,4.42,4.4,4.24,3541178,0.13,3.04,4.252,4.08,3.847,3262330.85,3365062.04,2243351.11,3.93
2017/10/24,4.33,4.35,4.27,4.22,2463675.75,-0.07,-1.61,4.214,4.009,3.806,3806818.85,3122670.14,2094918.96,2.74
2017/10/23,4.1,4.34,4.34,4.09,3682864,0.25,6.11,4.162,3.956,3.772,4064793.5,3032786.38,2000209.86,4.09
2017/10/20,4.13,4.2,4.09,4.07,3001227.75,-0.07,-1.68,4.07,3.894,3.733,4231659.5,2935427.1,1849157.82,3.33
2017/10/19,4.2,4.29,4.16,4.13,3622708.75,-0.05,-1.19,4.004,3.841,3.708,3992419.3,2695451.93,1724427.13,4.02
2017/10/18,4.01,4.39,4.21,4.01,6263618,0.2,4.99,3.908,3.786,3.679,3467793.23,2445197.92,1568297.81,6.96
2017/10/17,3.84,4.04,4.01,3.79,3753549,0.13,3.35,3.804,3.719,3.648,2438521.43,1868669.8,1278347.31,4.17
2017/10/16,3.78,3.94,3.88,3.74,4517194,0.12,3.19,3.75,3.673,3.627,2000779.25,1544547.43,1112589.76,5.02
2017/10/13,3.67,3.76,3.76,3.66,1805026.75,0.08,2.17,3.718,3.636,3.613,1639194.7,1136277.84,928451.76,2.01
2017/10/12,3.68,3.74,3.68,3.66,999578.38,-0.01,-0.27,3.678,3.617,3.604,1398484.55,1031465.55,856871.39,1.11
2017/10/11,3.74,3.75,3.69,3.67,1117259,-0.05,-1.34,3.664,3.613,3.598,1422602.62,1121640.17,824601.37,1.24
2017/10/10,3.7,3.74,3.74,3.66,1564838.12,0.02,0.54,3.634,3.602,3.592,1298818.17,1067167.77,784521.67,1.74
2017/10/9,3.59,3.82,3.72,3.58,2709271.25,0.16,4.49,3.596,3.587,3.585,1088315.61,967633.35,726083.83,3.01
2017/9/29,3.58,3.62,3.56,3.55,601476,-0.05,-1.39,3.554,3.572,3.58,633360.99,762888.54,621367.76,0.67
2017/9/28,3.54,3.63,3.61,3.51,1120168.75,0.07,1.98,3.556,3.575,3.581,664446.55,753402.34,610287.21,1.24
2017/9/27,3.54,3.56,3.54,3.51,498336.72,-0.01,-0.28,3.562,3.571,3.581,820677.72,691397.7,577465.66,0.55
2017/9/26,3.51,3.57,3.55,3.51,512325.31,0.04,1.14,3.57,3.576,3.583,835517.38,688024.82,572995.01,0.57
2017/9/25,3.57,3.58,3.51,3.5,434498.16,-0.06,-1.68,3.578,3.58,3.586,846951.09,680632.1,572562.23,0.48
2017/9/22,3.62,3.63,3.57,3.55,756903.81,-0.07,-1.92,3.59,3.59,3.589,892416.1,720625.69,574295.37,0.84
2017/9/21,3.61,3.74,3.64,3.6,1901324.62,0.06,1.68,3.594,3.591,3.587,842358.13,682277.23,577876.21,2.11
2017/9/6,3.58,3.59,3.58,3.55,572535,-0.01,-0.28,3.58,3.582,3.586,562117.68,527562.56,521903.32,0.64
2017/9/5,3.57,3.6,3.59,3.56,569493.88,0.02,0.56,3.582,3.582,3.591,540532.25,501875.56,545136.31,0.63
2017/9/4,3.59,3.6,3.57,3.55,661823.19,-0.02,-0.56,3.582,3.582,3.597,514313.11,484534.32,549157.19,0.74
2017/9/1,3.58,3.6,3.59,3.57,506613.97,0.02,0.56,3.59,3.587,3.605,548835.27,479846.97,549261.86,0.56
2017/8/31,3.59,3.6,3.57,3.56,500122.38,-0.02,-0.56,3.588,3.587,3.611,522196.33,467172.08,568608.84,0.56
2017/8/30,3.59,3.61,3.59,3.58,464607.84,0,0,3.584,3.59,3.621,493007.43,463533.61,593454.1,0.52
2017/8/29,3.61,3.63,3.59,3.58,438398.16,-0.02,-0.55,3.582,3.59,3.63,463218.86,457965.2,664334.62,0.49
2017/8/28,3.59,3.63,3.61,3.58,834434,0.03,0.84,3.582,3.591,3.642,454755.53,464492.37,793923.04,0.93
2017/8/25,3.55,3.59,3.58,3.54,373419.25,0.03,0.84,3.584,3.588,3.645,410858.68,427965.05,840237.18,0.41
2017/8/24,3.58,3.59,3.55,3.55,354177.91,-0.03,-0.84,3.586,3.583,3.646,412147.83,473475.18,874655.19,0.39
2017/8/23,3.59,3.59,3.58,3.56,315665,-0.01,-0.28,3.596,3.589,3.647,434059.79,516244.09,928051.78,0.35
2017/8/22,3.62,3.62,3.59,3.58,396081.47,-0.03,-0.83,3.598,3.599,3.649,452711.53,588397.06,1112448.23,0.44
2017/8/21,3.58,3.63,3.62,3.58,614949.75,0.03,0.84,3.6,3.612,3.645,474229.21,613780.06,1123938.49,0.68
2017/8/18,3.58,3.6,3.59,3.57,379865.03,-0.01,-0.28,3.592,3.622,3.639,445071.43,618676.74,1128329.43,0.42
2017/8/17,3.58,3.61,3.6,3.58,463737.69,0.01,0.28,3.58,3.634,3.637,534802.53,670045.61,1129317.03,0.52
2017/8/16,3.59,3.6,3.59,3.57,408923.69,-0.01,-0.28,3.582,3.652,3.635,598428.38,723374.59,1136006.43,0.45
2017/8/15,3.59,3.63,3.6,3.57,503669.88,0.02,0.56,3.6,3.67,3.634,724082.59,870704.05,1171418.01,0.56
2017/8/14,3.54,3.59,3.58,3.54,469160.84,0.05,1.42,3.624,3.693,3.636,753330.91,1123353.71,1204681.78,0.52
2017/8/11,3.59,3.6,3.53,3.52,828520.56,-0.08,-2.22,3.652,3.702,3.642,792282.05,1252509.3,1306648.32,0.92
2017/8/10,3.67,3.67,3.61,3.6,781866.94,-0.07,-1.9,3.688,3.708,3.644,805288.69,1275835.21,1304824.08,0.87
2017/8/9,3.72,3.72,3.68,3.64,1037194.75,-0.04,-1.07,3.722,3.705,3.643,848320.8,1339859.47,1304553.8,1.15
2017/8/8,3.72,3.75,3.72,3.7,649911.44,0,0,3.74,3.698,3.64,1017325.5,1636499.4,1288334.2,0.72
2017/8/7,3.71,3.74,3.72,3.69,663916.56,0.01,0.27,3.762,3.677,3.635,1493376.51,1634096.93,1280799.87,0.74
2017/8/4,3.79,3.8,3.71,3.71,893553.75,-0.07,-1.85,3.752,3.656,3.63,1712736.55,1637982.13,1299727.19,0.99
2017/8/3,3.75,3.8,3.78,3.75,997027.5,0.01,0.27,3.728,3.639,3.621,1746381.72,1588588.46,1285466.46,1.11
2017/8/2,3.85,3.86,3.77,3.75,1882218.25,-0.06,-1.57,3.688,3.617,3.609,1831398.15,1548638.27,1284055.61,2.09
2017/8/1,3.65,3.95,3.83,3.65,3030166.5,0.16,4.36,3.656,3.597,3.602,2255673.3,1472131.97,1226855.71,3.37
2017/7/31,3.57,3.69,3.67,3.55,1760716.75,0.08,2.23,3.592,3.579,3.592,1774817.35,1286009.84,1107623.54,1.96
2017/7/28,3.58,3.64,3.59,3.57,1061779.62,0.01,0.28,3.56,3.581,3.59,1563227.71,1360787.34,1067872.58,1.18
2017/7/27,3.58,3.6,3.58,3.55,1422109.62,-0.03,-0.83,3.55,3.58,3.59,1430795.19,1333812.95,1060948.16,1.58
2017/7/26,3.72,3.72,3.61,3.53,4003594,0.18,5.25,3.546,3.58,3.589,1265878.39,1269248.13,1013592.78,4.45
2017/4/20,3.51,3.53,3.51,3.48,625886.75,0,0,3.538,3.582,3.585,688590.64,940169,841087.96,0.7
2017/4/19,3.53,3.54,3.51,3.47,702768.56,-0.03,-0.85,3.566,3.592,3.587,797202.34,927502.81,829971.93,0.78
2017/4/18,3.55,3.58,3.54,3.54,399617,-0.02,-0.56,3.602,3.604,3.589,1158346.97,961472.25,812204.55,0.44
2017/4/17,3.56,3.57,3.56,3.52,597525.62,-0.01,-0.28,3.61,3.603,3.589,1236830.71,982344.47,817566.47,0.66
2017/4/14,3.64,3.65,3.57,3.55,1117155.25,-0.08,-2.19,3.614,3.6,3.589,1272617.86,1019472.96,815489.12,1.24
2017/4/13,3.67,3.69,3.65,3.63,1168945.25,-0.04,-1.08,3.626,3.606,3.588,1191747.36,981579.46,787234.19,1.3
2017/4/12,3.58,3.75,3.69,3.57,2508491.75,0.11,3.07,3.618,3.604,3.582,1057803.29,929237.24,755187.32,2.79
2017/4/11,3.58,3.59,3.58,3.52,792035.69,0,0,3.606,3.599,3.577,764597.52,774957.81,654924.53,0.88
2017/4/10,3.59,3.59,3.58,3.53,776461.38,-0.05,-1.38,3.596,3.6,3.575,727858.23,788083.36,635334.28,0.86
2017/4/7,3.62,3.64,3.63,3.59,712802.75,0.02,0.55,3.586,3.597,3.574,766328.05,757937.43,624222.92,0.79
2017/4/6,3.62,3.64,3.61,3.6,499224.88,-0.02,-0.55,3.586,3.587,3.572,771411.55,742006.92,607859.41,0.55
2017/4/5,3.54,3.64,3.63,3.54,1042462.88,0.1,2.83,3.59,3.582,3.573,800671.19,732441.04,607996.27,1.16
2017/3/31,3.54,3.55,3.53,3.49,608339.25,0,0,3.592,3.573,3.572,785318.11,662936.86,600219.23,0.68
2017/3/30,3.63,3.64,3.53,3.51,968810.5,-0.1,-2.75,3.604,3.574,3.575,848308.5,652788.48,590542.5,1.08
2017/3/29,3.63,3.65,3.63,3.6,738220.25,0,0,3.608,3.578,3.578,749546.8,611505.27,576287.38,0.82
2017/3/28,3.63,3.65,3.63,3.6,645523.06,-0.01,-0.28,3.588,3.569,3.577,712602.29,592888.92,578360.62,0.72
2017/3/27,3.58,3.65,3.64,3.58,965697.5,0.05,1.39,3.574,3.56,3.577,664210.89,581137.41,564377.46,1.07
2017/3/24,3.55,3.6,3.59,3.54,923291.19,0.04,1.13,3.554,3.554,3.577,540555.6,534891.24,553339.47,1.03
2017/3/23,3.53,3.57,3.55,3.52,475002,0.02,0.57,3.544,3.55,3.582,457268.46,482585.19,543046.88,0.53
2017/3/22,3.54,3.55,3.53,3.51,553497.69,-0.03,-0.84,3.548,3.55,3.589,473463.74,490508.41,567845.29,0.61
2017/3/21,3.53,3.57,3.56,3.52,403566.09,0.02,0.56,3.55,3.556,3.6,473175.56,473711.9,591480.93,0.45
2017/3/20,3.54,3.55,3.54,3.51,347421.03,0,0,3.546,3.563,3.609,498063.93,483551.49,614394.05,0.39
2017/3/17,3.57,3.58,3.54,3.53,506855.47,-0.03,-0.84,3.554,3.571,3.619,529226.89,537501.61,670584.36,0.56
2017/3/16,3.55,3.58,3.57,3.54,555978.44,0.03,0.85,3.556,3.575,3.623,507901.93,528296.53,692819.45,0.62
2017/3/15,3.53,3.57,3.54,3.52,552056.75,0,0,3.552,3.577,3.627,507553.08,541069.48,718532.49,0.61
2017/3/14,3.58,3.58,3.54,3.53,528007.94,-0.04,-1.12,3.562,3.584,3.63,474248.24,563832.32,742626.99,0.59
2017/3/13,3.55,3.59,3.58,3.51,503235.84,0.03,0.84,3.58,3.594,3.634,469039.06,547617.52,768518.58,0.56
2017/3/10,3.56,3.57,3.55,3.53,400230.69,0,0,3.588,3.599,3.635,545776.33,571787.69,790470.55,0.44
2017/3/9,3.59,3.59,3.55,3.53,554234.19,-0.04,-1.11,3.594,3.613,3.637,548691.13,603508.57,832318.74,0.62
2017/3/8,3.63,3.64,3.59,3.58,385532.56,-0.04,-1.1,3.602,3.627,3.635,574585.88,645182.16,825067.76,0.43
2017/3/7,3.63,3.65,3.63,3.6,501962,0.01,0.28,3.606,3.644,3.632,653416.39,709249.97,826327.52,0.56
2017/3/6,3.58,3.66,3.62,3.58,886922.19,0.04,1.12,3.608,3.654,3.625,626195.98,745236.6,819516.91,0.99
2017/3/3,3.57,3.59,3.58,3.57,414804.72,-0.01,-0.28,3.61,3.666,3.621,597799.06,803667.12,809867.78,0.46
2017/3/2,3.62,3.64,3.59,3.58,683707.94,-0.02,-0.55,3.632,3.67,3.615,658326.02,857342.36,806266.46,0.76
2017/3/1,3.64,3.66,3.61,3.6,779685.12,-0.03,-0.82,3.652,3.677,3.627,715778.44,895995.49,772187.82,0.87
2017/2/28,3.62,3.66,3.64,3.62,365859.91,0.01,0.28,3.682,3.676,3.62,765083.54,921421.67,751311.47,0.41
2017/2/27,3.69,3.69,3.63,3.61,744937.62,-0.06,-1.63,3.7,3.674,3.613,864277.22,989419.65,747639.51,0.83
2017/2/24,3.69,3.71,3.69,3.65,717439.5,0,0,3.722,3.671,3.607,1009535.17,1009153.4,732311.16,0.8
2017/2/23,3.76,3.79,3.69,3.68,970970.06,-0.07,-1.86,3.708,3.66,3.599,1056358.7,1061128.9,723881.54,1.08
2017/2/22,3.72,3.78,3.76,3.7,1026210.62,0.03,0.8,3.702,3.643,3.589,1076212.54,1004953.37,720729.12,1.14
2017/2/21,3.74,3.76,3.73,3.7,861828.31,-0.01,-0.27,3.67,3.619,3.574,1077759.8,943405.07,707530.61,0.96
2017/2/20,3.62,3.75,3.74,3.62,1471227.38,0.12,3.31,3.648,3.596,3.558,1114562.08,893797.22,682602.12,1.63
2017/2/17,3.64,3.68,3.62,3.59,951557.12,-0.04,-1.09,3.62,3.575,3.543,1008771.62,816068.45,654796.25,1.06
2017/2/16,3.63,3.7,3.66,3.63,1070239.25,0.06,1.67,3.612,3.559,3.528,1065899.1,755190.57,648682.27,1.19
2017/2/15,3.62,3.72,3.6,3.59,1033946.94,-0.02,-0.55,3.584,3.576,3.514,933694.2,648380.15,622386.07,1.15
2017/2/14,3.6,3.65,3.62,3.58,1045839.69,0.02,0.56,3.568,3.564,3.506,809050.34,581201.26,620736.98,1.16
2017/2/13,3.57,3.62,3.6,3.56,942275.12,0.02,0.56,3.544,3.552,3.494,673032.37,505859.37,588023.37,1.05
2017/2/10,3.51,3.58,3.58,3.51,1237194.5,0.06,1.71,3.53,3.542,3.484,623365.27,455468.93,559929.57,1.37
2017/2/9,3.51,3.54,3.52,3.5,409214.75,0,0,3.506,3.537,3.476,444482.04,386634.18,523902.35,0.45
2017/2/8,3.5,3.53,3.52,3.49,410727.62,0.02,0.57,3.568,3.535,3.47,363066.09,436504.87,527986.16,0.46
2017/2/7,3.52,3.53,3.5,3.48,365749.84,-0.03,-0.85,3.56,3.528,3.465,353352.19,471656.16,537251.08,0.41
2017/2/6,3.5,3.58,3.53,3.48,693939.62,0.07,2.02,3.56,3.52,3.461,338686.37,471407.02,553832.03,0.77
2017/2/3,3.47,3.49,3.46,3.45,342778.38,-0.02,-0.57,3.554,3.51,3.456,287572.59,493524.06,585475.2,0.38
2017/2/2,3.48,3.83,3.83,3.41,2135,0.35,10.06,3.568,3.496,3.448,328786.31,542173.97,592889.91,0
2017/1/26,3.51,3.52,3.48,3.46,362158.09,-0.02,-0.57,3.502,3.451,3.421,509943.65,596391.99,616463.1,0.4
2017/1/25,3.49,3.52,3.5,3.48,292420.75,0,0,3.496,3.447,3.411,589960.13,660272.69,648051.23,0.32
2017/1/24,3.52,3.53,3.5,3.49,438370.72,-0.03,-0.85,3.48,3.435,3.404,604127.67,670187.37,688281.37,0.49
2017/1/23,3.5,3.54,3.53,3.49,548847,0.03,0.86,3.466,3.426,3.401,699475.54,664390.21,700408.04,0.61
2017/1/20,3.45,3.54,3.5,3.44,907921.69,0.05,1.45,3.424,3.415,3.397,755561.63,661170.52,726932.4,1.01
2017/1/19,3.41,3.49,3.45,3.4,762240.5,0.03,0.88,3.4,3.404,3.399,682840.33,619467.45,733243.71,0.85
2017/1/18,3.41,3.46,3.42,3.41,363258.44,-0.01,-0.29,3.398,3.401,3.407,730585.25,602846,758158.82,0.4
2017/1/17,3.31,3.44,3.43,3.3,915110.06,0.11,3.31,3.39,3.401,3.417,736247.08,636257.03,851024.29,1.02
2017/1/16,3.37,3.37,3.32,3.28,829277.44,-0.06,-1.77,3.386,3.401,3.422,629304.89,677426.33,946155.2,0.92
2017/1/13,3.43,3.43,3.38,3.37,544315.19,-0.06,-1.74,3.406,3.399,3.427,566779.42,643605.85,942007.94,0.6
2017/1/12,3.39,3.46,3.44,3.38,1000965.12,0.06,1.77,3.408,3.39,3.429,556094.57,636534.22,934547.95,1.11
2017/1/11,3.41,3.43,3.38,3.38,391567.59,-0.03,-0.88,3.404,3.375,3.429,475106.74,635829.77,912514.1,0.44
2017/1/10,3.42,3.44,3.41,3.4,380399.09,-0.01,-0.29,3.412,3.373,3.435,536266.99,706375.36,918555.33,0.42
2017/1/9,3.39,3.45,3.42,3.38,516650.12,0.03,0.89,3.416,3.376,3.438,725547.77,736425.87,953035.72,0.57
2017/1/6,3.43,3.43,3.39,3.39,490890.91,-0.03,-0.88,3.392,3.378,3.444,720432.28,792694.28,984919.66,0.55
2017/1/5,3.41,3.44,3.42,3.4,596026,0,0,3.372,3.393,3.454,716973.88,847019.97,994856.99,0.66
2017/1/4,3.41,3.44,3.42,3.37,697368.81,-0.01,-0.29,3.346,3.412,3.461,796552.79,913471.64,1007142.74,0.77
2017/1/3,3.29,3.57,3.43,3.28,1326803,0.13,3.94,3.334,3.432,3.466,876483.73,1065791.54,1001461.08,1.47
2016/12/30,3.29,3.31,3.3,3.28,491072.69,0.01,0.3,3.336,3.442,3.473,747303.96,1214884.06,996950.01,0.55
2016/12/29,3.28,3.32,3.29,3.27,473598.88,0,0,3.364,3.454,3.484,864956.28,1240410.02,1017815.19,0.53
2016/12/28,3.34,3.35,3.29,3.28,993920.56,-0.07,-2.08,3.414,3.468,3.492,977066.06,1232561.68,1019210.87,1.1
2016/12/27,3.41,3.42,3.36,3.35,1097023.5,-0.08,-2.33,3.478,3.482,3.501,1030390.5,1189198.44,995513.85,1.22
2016/12/26,3.43,3.45,3.44,3.38,680904.19,0,0,3.53,3.496,3.508,1255099.35,1130735.3,979866.02,0.76
2016/12/23,3.54,3.55,3.44,3.42,1079334.25,-0.1,-2.83,3.548,3.5,3.511,1682464.16,1169645.57,997332.07,1.2
2016/12/22,3.61,3.61,3.54,3.53,1034147.81,-0.07,-1.94,3.544,3.509,3.516,1615863.76,1177145.04,991651.92,1.15
2016/12/21,3.6,3.65,3.61,3.56,1260542.75,-0.01,-0.28,3.522,3.515,3.518,1488057.29,1142694.01,1027648.07,1.4
2016/12/20,3.52,3.77,3.62,3.52,2220567.75,0.09,2.55,3.486,3.51,3.512,1348006.39,1100813.84,1092992.14,2.47
2016/12/19,3.7,3.7,3.53,3.5,2817728.25,0.11,3.22,3.462,3.5,3.498,1006371.25,937130.62,1009791.33,3.13
2016/8/3,3.43,3.47,3.42,3.4,746332.25,-0.01,-0.29,3.452,3.503,3.49,656826.98,779015.96,901038.78,0.83
2016/8/2,3.43,3.44,3.43,3.41,395115.44,0,0,3.474,3.513,3.487,738426.33,795220.36,907866.29,0.44
2016/8/1,3.49,3.49,3.43,3.41,560288.25,-0.07,-2,3.508,3.516,3.483,797330.73,805860.06,923075.71,0.62
2016/7/29,3.47,3.53,3.5,3.45,512392.06,0.02,0.57,3.534,3.52,3.478,853621.29,801829.26,942443.76,0.57
2016/7/28,3.51,3.54,3.48,3.44,1070006.88,-0.05,-1.42,3.538,3.519,3.467,867889.99,828996.74,936057.38,1.19
2016/7/27,3.59,3.65,3.53,3.45,1154329,-0.07,-1.94,3.554,3.521,3.457,901204.94,825018.57,901678.01,1.28
2016/7/26,3.56,3.62,3.6,3.54,689637.44,0.04,1.12,3.552,3.523,3.446,852014.4,806158.8,873596.22,0.77
2016/7/25,3.53,3.63,3.56,3.53,841741.06,0.04,1.14,3.524,3.521,3.43,814389.39,912602.13,862212.36,0.94
2016/7/22,3.55,3.61,3.52,3.52,583735.56,-0.04,-1.12,3.506,3.513,3.415,750037.24,1085170.45,845806.43,0.65
2016/7/21,3.6,3.66,3.56,3.55,1236581.62,0.04,1.14,3.5,3.496,3.402,790103.5,1082452.04,848314.11,1.37
2016/7/20,3.46,3.55,3.52,3.45,908376.31,0.06,1.73,3.488,3.476,3.388,748832.2,1023061.59,806522.83,1.01
2016/7/19,3.48,3.49,3.46,3.41,501512.38,-0.01,-0.29,3.494,3.46,3.379,760303.2,1020512.21,781630.46,0.56
2016/7/18,3.48,3.49,3.47,3.45,519980.31,-0.02,-0.57,3.518,3.449,3.371,1010814.87,1040291.36,792863.86,0.58
2016/7/15,3.49,3.51,3.49,3.47,784066.88,-0.01,-0.29,3.52,3.435,3.365,1420303.66,1083058.26,818983.38,0.87
2016/7/14,3.55,3.56,3.5,3.47,1030225.12,-0.05,-1.41,3.492,3.414,3.355,1374800.57,1043118.01,810819.44,1.14
2016/7/13,3.59,3.62,3.55,3.54,965731.31,-0.03,-0.84,3.464,3.393,3.343,1297290.99,978337.46,784769.04,1.07
2016/7/12,3.47,3.6,3.58,3.45,1754070.75,0.1,2.87,3.426,3.368,3.331,1280721.23,941033.65,760751.19,1.95
2016/7/11,3.36,3.65,3.48,3.36,2567424.25,0.13,3.88,3.38,3.338,3.316,1069767.84,811822.6,689996.61,2.85
2016/7/8,3.36,3.37,3.35,3.34,556551.44,-0.01,-0.3,3.35,3.317,3.305,745812.85,606442.42,592252.3,0.62
2016/7/7,3.36,3.38,3.36,3.34,642677.19,0,0,3.336,3.307,3.305,711435.44,614176.19,587133.07,0.71
2016/7/6,3.34,3.38,3.36,3.32,882882.5,0.01,0.3,3.322,3.3,3.305,659383.93,589984.07,578251.17,0.98
2016/7/5,3.32,3.36,3.35,3.32,699303.81,0.02,0.6,3.31,3.297,3.308,601346.07,542748.72,564045.43,0.78
2016/7/4,3.28,3.34,3.33,3.27,947649.31,0.05,1.52,3.296,3.292,3.31,553877.36,545436.35,554099.85,1.05
2016/7/1,3.3,3.31,3.28,3.28,384664.41,-0.01,-0.3,3.284,3.295,3.314,467071.98,554908.5,537075.87,0.43
2016/6/30,3.31,3.31,3.29,3.28,382419.62,-0.01,-0.3,3.278,3.295,3.32,516916.94,578520.88,560038.78,0.42
2016/6/29,3.29,3.33,3.3,3.28,592693.19,0.02,0.61,3.278,3.293,3.326,520584.21,591200.62,597291.07,0.66
2016/6/28,3.27,3.29,3.28,3.25,461960.25,0.01,0.31,3.284,3.294,3.327,484151.36,580468.74,600206.7,0.51
2016/6/27,3.24,3.29,3.27,3.23,513622.44,0.02,0.61,3.288,3.293,3.332,536995.35,568170.63,632720.79,0.57
2016/6/24,3.29,3.31,3.25,3.22,633889.19,-0.04,-1.22,3.306,3.293,3.334,642745.01,578062.19,627031.96,0.7
2016/6/23,3.31,3.32,3.29,3.28,400755.97,-0.04,-1.2,3.312,3.302,3.337,640124.81,560089.95,619130.44,0.45
2016/6/22,3.3,3.34,3.33,3.29,410528.97,0.03,0.91,3.308,3.31,3.34,661817.03,566518.27,633308.47,0.46
2016/6/21,3.35,3.35,3.3,3.29,726180.19,-0.06,-1.79,3.304,3.318,3.339,676786.12,585342.15,625186.61,0.81
2016/6/20,3.28,3.4,3.36,3.25,1042370.75,0.08,2.44,3.298,3.327,3.34,599345.9,562763.36,605453.1,1.16
2016/6/17,3.27,3.32,3.28,3.26,620788.19,0.01,0.31,3.28,3.332,3.337,513379.36,519243.24,568225.82,0.69
2016/6/16,3.3,3.31,3.27,3.25,509217.03,-0.04,-1.21,3.292,3.345,3.338,480055.08,541556.69,570101.92,0.57
2016/6/15,3.25,3.33,3.31,3.24,485374.44,0.04,1.22,3.312,3.358,3.342,471219.51,603381.52,559348.25,0.54
2016/6/14,3.26,3.28,3.27,3.25,338979.09,0,0,3.332,3.359,3.346,493898.17,619944.66,551431.29,0.38
2016/6/13,3.32,3.36,3.27,3.26,612538.06,-0.07,-2.1,3.356,3.371,3.35,526180.81,697270.96,551783.98,0.68
2016/6/8,3.39,3.39,3.34,3.33,454166.78,-0.03,-0.89,3.384,3.374,3.355,525107.11,676001.74,547150.03,0.5
2016/6/7,3.41,3.41,3.37,3.36,465039.19,-0.04,-1.17,3.398,3.371,3.357,603058.29,678170.93,560053.22,0.52
2016/6/6,3.4,3.44,3.41,3.38,598767.75,0.02,0.59,3.404,3.37,3.356,735543.53,700098.67,563234.04,0.67
2016/6/3,3.41,3.41,3.39,3.38,500392.28,-0.02,-0.59,3.386,3.36,3.353,745991.14,665031.08,566864.1,0.56
2016/6/2,3.4,3.42,3.41,3.38,607169.56,0,0,3.386,3.352,3.357,868361.11,648142.84,574523.56,0.68
2016/6/1,3.4,3.44,3.41,3.38,843922.69,0.01,0.29,3.364,3.341,3.364,826896.36,617208.41,560259.54,0.94
2016/5/31,3.32,3.41,3.4,3.31,1127465.38,0.08,2.41,3.344,3.33,3.372,753283.56,598647.16,550946.2,1.25
2016/5/30,3.35,3.35,3.32,3.31,651005.81,-0.07,-2.06,3.336,3.326,3.381,664653.81,515314.99,540778,0.72
2016/5/27,3.29,3.43,3.39,3.27,1112242.12,0.09,2.73,3.334,3.332,3.387,584071.01,482917.91,524166.5,1.24
2016/5/26,3.31,3.32,3.3,3.25,399845.81,-0.01,-0.3,3.318,3.329,3.39,427924.56,406296.99,494114.97,0.44
2016/5/25,3.35,3.37,3.31,3.3,475858.69,-0.05,-1.49,3.318,3.336,3.401,407520.45,418298.33,496962.15,0.53
2016/5/24,3.31,3.38,3.36,3.29,684316.62,0.05,1.51,3.316,3.343,3.416,444010.76,441935.51,494556.75,0.76
2016/5/23,3.31,3.33,3.31,3.3,248091.81,0,0,3.316,3.341,3.427,365976.16,426369.41,477855.01,0.28
2016/5/20,3.3,3.31,3.31,3.27,331509.88,0.01,0.3,3.33,3.346,3.441,381764.81,468697.13,494628.21,0.37
2016/5/19,3.3,3.35,3.3,3.28,297825.25,0,0,3.34,3.361,3.457,384669.42,500904.28,508013.75,0.33
2016/5/18,3.35,3.35,3.3,3.24,658310.25,-0.06,-1.79,3.354,3.386,3.475,429076.21,503310.66,551708.95,0.73
2016/5/17,3.38,3.39,3.36,3.34,294143.62,-0.02,-0.59,3.37,3.413,3.498,439860.25,503245.25,536967.42,0.33
2016/5/16,3.36,3.38,3.38,3.33,327035.06,0.02,0.59,3.366,3.435,3.518,486762.65,566241.02,552135.01,0.36
2016/5/13,3.36,3.39,3.36,3.34,346032.91,-0.01,-0.3,3.362,3.441,3.54,555629.44,565415.09,558081.44,0.38
2016/5/12,3.35,3.38,3.37,3.32,519859.22,-0.01,-0.3,3.382,3.451,3.563,617139.14,581932.96,587685.3,0.58
2016/5/11,3.36,3.42,3.38,3.34,712230.44,0.04,1.2,3.418,3.465,3.585,577545.12,575625.97,630485.11,0.79
2016/5/10,3.36,3.39,3.34,3.34,528655.62,-0.02,-0.59,3.456,3.488,3.604,566630.24,547177.99,628992.49,0.59
2016/5/9,3.45,3.45,3.36,3.35,671369,-0.1,-2.89,3.504,3.512,3.627,645719.39,529340.62,643253.76,0.75
2016/5/6,3.55,3.58,3.46,3.45,653581.44,-0.09,-2.54,3.52,3.536,3.648,575200.74,520559.29,636238.24,0.73
2016/5/5,3.57,3.58,3.55,3.53,321889.09,-0.02,-0.56,3.52,3.552,3.666,546726.77,515123.21,633076.28,0.36
2016/5/4,3.56,3.58,3.57,3.54,657656.06,-0.01,-0.28,3.512,3.563,3.682,573706.82,600107.24,647712.07,0.73
2016/5/3,3.45,3.61,3.58,3.43,924101.38,0.14,4.07,3.52,3.583,3.698,527725.74,570689.59,667019.67,1.03
2016/4/29,3.45,3.47,3.44,3.41,318775.75,-0.02,-0.58,3.52,3.601,3.709,412961.84,538029,652093.4,0.35
2016/4/28,3.51,3.52,3.46,3.42,511211.59,-0.05,-1.43,3.552,3.638,3.728,465917.84,550747.79,669832.4,0.57
2016/4/27,3.54,3.54,3.51,3.5,456789.31,-0.02,-0.57,3.584,3.674,3.747,483519.64,593437.65,681265.64,0.51
2016/4/26,3.59,3.61,3.61,3.58,427750.66,0.03,0.84,3.614,3.705,3.76,626507.66,685344.25,696292.74,0.48
2016/4/25,3.6,3.6,3.58,3.55,350281.88,-0.02,-0.56,3.646,3.72,3.771,613653.43,710806.99,711523.5,0.39
2016/4/22,3.6,3.61,3.6,3.55,583555.75,-0.02,-0.55,3.682,3.742,3.785,663096.17,757166.91,730658.42,0.65
2016/4/21,3.63,3.65,3.62,3.59,599220.62,-0.04,-1.09,3.724,3.76,3.797,635577.75,751917.18,760250.36,0.67
2016/4/20,3.77,3.78,3.66,3.58,1171729.38,-0.11,-2.92,3.764,3.78,3.813,703355.65,751029.36,773609.56,1.3
2016/4/19,3.77,3.78,3.77,3.74,363479.53,0.01,0.27,3.796,3.8,3.827,744180.85,695316.91,759294.31,0.4
2016/4/18,3.8,3.8,3.76,3.75,597495.56,-0.05,-1.31,3.794,3.812,3.838,807960.54,763349.75,857353.35,0.66
2016/4/15,3.82,3.83,3.81,3.79,445963.66,-0.01,-0.26,3.802,3.816,3.848,851237.66,766157.8,918715.32,0.5
2016/4/14,3.83,3.85,3.82,3.78,938110.12,0,0,3.796,3.818,3.852,868256.61,788917.01,934048.18,1.04
2016/4/13,3.78,3.87,3.82,3.77,1375855.38,0.06,1.6,3.796,3.82,3.852,798703.06,769093.63,913362.68,1.53
2016/4/12,3.8,3.8,3.76,3.75,682378,-0.04,-1.05,3.804,3.814,3.854,646452.96,707241.23,871947.69,0.76
2016/4/11,3.77,3.83,3.8,3.77,813881.12,0.02,0.53,3.83,3.821,3.861,718738.95,712240.02,879560.23,0.9
2016/4/8,3.81,3.81,3.78,3.76,531058.44,-0.04,-1.05,3.83,3.827,3.861,681077.95,704149.93,858736.71,0.59
2016/4/7,3.87,3.87,3.82,3.81,590342.38,-0.04,-1.04,3.84,3.834,3.863,709577.41,768583.54,857515.79,0.66
2016/4/6,3.87,3.88,3.86,3.83,614604.88,-0.03,-0.77,3.844,3.845,3.864,739484.19,796189.76,861023.92,0.68
2016/4/5,3.8,3.92,3.89,3.79,1043807.94,0.09,2.37,3.824,3.854,3.868,768029.5,823271.72,877213.32,1.16
2016/4/1,3.82,3.83,3.8,3.76,625576.12,-0.03,-0.78,3.812,3.864,3.871,705741.09,951356.95,865398.94,0.7
2016/3/31,3.86,3.87,3.83,3.81,673555.75,-0.01,-0.26,3.824,3.879,3.878,727221.91,1071272.84,922369.59,0.75
2016/3/30,3.79,3.85,3.84,3.78,739876.25,0.08,2.13,3.828,3.885,3.883,827589.66,1079179.34,954746.05,0.82
2016/3/29,3.82,3.83,3.76,3.73,757331.44,-0.07,-1.83,3.846,3.884,3.891,852895.34,1057631.73,1003264.38,0.84
2016/3/28,3.86,3.89,3.83,3.81,732365.88,-0.03,-0.78,3.884,3.893,3.893,878513.94,1036654.14,1018493.36,0.81
2016/3/25,3.81,3.89,3.86,3.81,732980.25,0.01,0.26,3.916,3.9,3.888,1196972.81,1046880.43,1067805.28,0.81
2016/3/24,3.91,3.91,3.85,3.84,1175394.5,-0.08,-2.04,3.934,3.895,3.892,1415323.76,1013323.48,1168866.48,1.31
2016/3/23,3.93,3.95,3.93,3.9,866404.62,-0.02,-0.51,3.942,3.891,3.883,1330769.01,946448.04,1199205.28,0.96
2016/3/22,3.97,3.97,3.95,3.93,885424.44,-0.04,-1,3.922,3.882,3.885,1262368.13,925858.07,1206908.89,0.98
2016/3/21,3.97,4.03,3.99,3.93,2324660.25,0.04,1.01,3.902,3.881,3.887,1194794.35,931154.92,1245418.22,2.58
2016/3/18,3.89,3.99,3.95,3.87,1824735,0.06,1.54,3.884,3.877,3.894,896788.05,779440.93,1229348.55,2.03
2016/3/17,3.84,3.91,3.89,3.83,752620.75,0.06,1.57,3.856,3.876,3.895,611323.19,773466.33,1188009.34,0.84
2016/3/16,3.86,3.89,3.83,3.81,524400.19,-0.02,-0.52,3.84,3.881,3.898,562127.06,830312.76,1213586.01,0.58
2016/3/15,3.88,3.9,3.85,3.84,547555.56,-0.05,-1.28,3.842,3.897,3.908,589348.01,948897.03,1282966.38,0.61
2016/3/14,3.84,3.93,3.9,3.82,834628.75,0.09,2.36,3.86,3.892,3.908,667515.49,1000332.57,1317816.63,0.93
2016/3/11,3.8,3.84,3.81,3.76,397410.72,0,0,3.87,3.875,3.897,662093.81,1088730.13,1300402.6,0.44
2016/3/10,3.85,3.89,3.81,3.8,506640.09,-0.03,-0.78,3.896,3.888,3.893,935609.47,1324409.49,1310448.25,0.56
2016/3/9,3.89,3.89,3.84,3.82,660504.94,-0.1,-2.54,3.922,3.875,3.889,1098498.45,1451962.53,1321190.58,0.73
2016/3/8,3.94,3.97,3.94,3.81,938392.94,-0.01,-0.25,3.952,3.888,3.882,1308446.04,1487959.71,1325763.72,1.04
2016/3/7,3.96,4,3.95,3.93,807520.38,0.01,0.25,3.924,3.893,3.871,1333149.65,1559681.52,1325423.52,0.9
2016/3/4,3.91,3.99,3.94,3.86,1764989,0,0,3.88,3.91,3.856,1515366.45,1679256.17,1327106.16,1.96
2016/3/3,3.96,4.03,3.94,3.93,1321085,-0.05,-1.25,3.88,3.914,3.84,1713209.5,1602552.36,1286472,1.47
2016/3/2,3.78,4.02,3.99,3.77,1710242.88,0.19,5,3.828,3.914,3.819,1805426.6,1596859.27,1280622.5,1.9
2016/3/1,3.73,3.84,3.8,3.68,1061911,0.07,1.88,3.824,3.918,3.796,1667473.39,1617035.73,1262520.27,1.18
2016/2/29,3.8,3.86,3.73,3.61,1718604.38,-0.21,-5.33,3.862,3.923,3.778,1786213.39,1635300.68,1270616.19,1.91
2016/2/26,3.9,4.05,3.94,3.82,2754204.25,0.26,7.07,3.94,3.919,3.773,1843145.89,1512075.06,1225992.14,3.06
2016/2/25,3.95,3.96,3.68,3.63,1782170.5,-0.29,-7.3,3.948,3.898,3.755,1491895.21,1296487.02,1130396.07,1.98
2016/2/24,4,4,3.97,3.9,1020476.81,-0.02,-0.5,4,3.902,3.747,1388291.94,1190418.64,1090935.28,1.13
2016/2/23,4.1,4.1,3.99,3.95,1655611,-0.13,-3.15,4.012,3.875,3.728,1566598.08,1163567.73,1113645.45,1.84
2016/2/22,4.05,4.12,4.12,3.97,2003266.88,0.14,3.52,3.984,3.848,3.714,1484387.98,1091165.52,1100297.16,2.23
2016/2/19,3.94,4.01,3.98,3.92,997950.88,0.04,1.01,3.898,3.802,3.687,1181004.23,974956.16,1056809.66,1.11
2016/2/18,4,4.04,3.94,3.94,1264154.12,-0.09,-2.23,3.848,3.766,3.668,1101078.82,970391.65,1083405.85,1.41
2016/2/17,3.82,4.03,4.03,3.8,1912007.5,0.18,4.67,3.804,3.724,3.661,992545.34,964385.73,1101558.53,2.13
2016/2/16,3.73,3.95,3.85,3.73,1244560.5,0.16,4.34,3.738,3.673,3.647,760537.39,908004.82,1063894.61,1.38
2016/2/15,3.61,3.73,3.69,3.61,486348.16,-0.04,-1.07,3.712,3.632,3.645,697943.06,905931.7,1069023.47,0.54
2016/2/5,3.73,3.75,3.73,3.71,598323.81,0.01,0.27,3.706,3.627,3.648,768908.09,939909.21,1143709.69,0.67
2016/2/4,3.7,3.74,3.72,3.7,721486.75,0.02,0.54,3.684,3.611,3.658,839704.49,964305.13,1233967.73,0.8
2016/2/3,3.68,3.72,3.7,3.63,751967.75,-0.02,-0.54,3.644,3.591,3.66,936226.11,991451.92,1223746.11,0.84
2016/2/2,3.65,3.74,3.72,3.64,931588.81,0.06,1.64,3.608,3.581,3.678,1055472.24,1063723.17,1266856.14,1.04
2016/2/1,3.6,3.67,3.66,3.58,841173.31,0.04,1.1,3.552,3.579,3.691,1113920.35,1109428.8,1350408.92,0.94
2016/1/29,3.5,3.65,3.62,3.49,952305.81,0.1,2.84,3.548,3.572,3.702,1110910.34,1138663.16,1400862.97,1.06
2016/1/28,3.5,3.6,3.52,3.47,1204094.88,0,0,3.538,3.57,3.734,1088905.77,1196420.05,1413884.6,1.34
2016/1/27,3.47,3.53,3.52,3.33,1348198.38,0.08,2.33,3.538,3.598,3.774,1046677.73,1238731.34,1419589.33,1.5
2016/1/26,3.61,3.61,3.44,3.42,1223829.38,-0.2,-5.5,3.554,3.621,3.817,1071974.1,1219784.4,1458052.73,1.36
2016/1/25,3.58,3.65,3.64,3.57,826123.25,0.07,1.96,3.606,3.658,3.858,1104937.25,1232115.24,1519972.58,0.92
2016/1/22,3.55,3.58,3.57,3.5,842282.94,0.05,1.42,3.596,3.669,3.897,1166415.98,1347510.16,1572781.96,0.94
2016/1/21,3.52,3.62,3.52,3.52,992954.69,-0.08,-2.22,3.602,3.704,3.937,1303934.34,1503630.34,1671611.45,1.1
2016/1/20,3.68,3.71,3.6,3.51,1474680.25,-0.1,-2.7,3.658,3.728,3.986,1430784.95,1456040.3,1838921.42,1.64
2016/1/19,3.58,3.73,3.7,3.54,1388645.12,0.11,3.06,3.688,3.775,4.038,1367594.7,1469989.1,2151656.86,1.54
2016/1/18,3.5,3.67,3.59,3.45,1133516.88,-0.01,-0.28,3.71,3.802,4.081,1359293.23,1591389.04,2294796.3,1.26
2016/1/15,3.78,3.78,3.6,3.58,1529874.75,-0.2,-5.26,3.742,3.831,4.109,1528604.35,1663062.78,2351192.2,1.7
2016/1/14,3.67,3.81,3.8,3.63,1627207.75,0.05,1.33,3.806,3.897,4.136,1703326.35,1631349.14,2390449.27,1.81
2016/1/13,3.8,3.86,3.75,3.75,1158729,-0.06,-1.57,3.798,3.95,4.148,1481295.66,1600447.33,2366403.08,1.29
2016/1/12,3.77,3.85,3.81,3.75,1347137.75,0.06,1.6,3.862,4.013,4.164,1572383.51,1696321.05,2382901.78,1.5
2016/1/11,3.87,3.91,3.75,3.71,1980072.5,-0.17,-4.34,3.894,4.057,4.179,1823484.86,1807829.93,2432984.05,2.2
2016/1/8,3.9,3.95,3.92,3.73,2403484.75,0.16,4.25,3.92,4.124,4.194,1797521.21,1798053.77,2418904.08,2.67
2016/1/7,4.02,4.03,3.76,3.73,517054.28,-0.31,-7.62,3.988,4.17,4.197,1559371.93,1839592.57,2356099.17,0.57
2016/1/6,4,4.08,4.07,3.97,1614168.25,0.1,2.52,4.102,4.244,4.209,1719599,2221802.54,2393245.91,1.79
2016/1/5,3.75,4.02,3.97,3.7,2602644.5,0.09,2.32,4.164,4.3,4.209,1820258.6,2833324.61,2432526.91,2.89
2016/1/4,4.25,4.29,3.88,3.86,1850254.25,-0.38,-8.92,4.22,4.36,4.212,1792175,2998203.56,2390217.27,2.06
2015/12/31,4.34,4.34,4.26,4.25,1212738.38,-0.07,-1.62,4.328,4.387,4.215,1798586.33,3039321.61,2357561.65,1.35
2015/12/30,4.36,4.39,4.33,4.28,1318189.62,-0.05,-1.14,4.352,4.374,4.203,2119813.2,3149549.4,2357413.83,1.47
2015/12/29,4.27,4.44,4.38,4.23,2117466.25,0.13,3.06,4.386,4.345,4.187,2724006.08,3132358.84,2373131.29,2.35
2015/12/28,4.43,4.48,4.25,4.23,2462226.5,-0.17,-3.85,4.436,4.315,4.162,3846390.63,3069482.51,2322524.4,2.74
2015/12/25,4.4,4.43,4.42,4.36,1882310.88,0.04,0.91,4.5,4.3,4.143,4204232.13,3058138.16,2263088.73,2.09
2015/12/24,4.48,4.52,4.38,4.33,2818872.75,-0.12,-2.67,4.446,4.264,4.116,4280056.9,3039754.39,2269626.97,3.13
2015/12/23,4.6,4.76,4.5,4.48,4339154,-0.13,-2.81,4.396,4.224,4.102,4179285.6,2872605.77,2193081.26,4.82
2015/12/22,4.72,4.83,4.63,4.6,7729389,0.06,1.31,4.304,4.174,4.083,3540711.6,2564689.27,2038849.29,8.59
2015/12/21,4.12,4.57,4.57,4.11,4251434,0.42,10.12,4.194,4.117,4.056,2292574.4,2031729.2,1708836.65,4.73
2015/12/18,4.11,4.17,4.15,4.09,2261434.75,0.02,0.48,4.1,4.064,4.033,1912044.2,1782230.99,1572855.52,2.51
2015/12/17,4.05,4.13,4.13,4.05,2315016.25,0.09,2.23,4.082,4.043,4.033,1799451.87,1675801.69,1564992.43,2.57
2015/12/16,4.09,4.1,4.04,4.03,1146284,-0.04,-0.98,4.052,4.031,4.034,1565925.95,1565278.26,1526746.39,1.27
2015/12/15,4.06,4.12,4.08,4.04,1488703,-0.02,-0.49,4.044,4.028,4.035,1588666.95,1613903.74,1531094.05,1.65
2015/12/14,4.15,4.18,4.1,4.03,2348783,0.04,0.98,4.04,4.009,4.037,1770884,1575566.29,1560272.37,2.61
2015/12/11,4.01,4.08,4.06,3.97,1698473.12,0.08,2.01,4.028,3.986,4.037,1652417.77,1468039.3,1496739.16,1.89
2015/12/10,4,4.04,3.98,3.98,1147386.62,-0.02,-0.5,4.004,3.967,4.037,1552151.5,1499499.56,1512385.79,1.28
2015/12/9,4.04,4.05,4,3.97,1259989,-0.06,-1.48,4.01,3.979,4.047,1564630.58,1513556.74,1568205.61,1.4
2015/12/8,4,4.13,4.06,4,2399788.25,0.02,0.49,4.012,3.991,4.06,1639140.53,1513009.3,1622386.87,2.67
2015/12/7,3.94,4.04,4.04,3.92,1756451.88,0.1,2.54,3.978,3.994,4.07,1380248.58,1385944.1,1625695.37,1.95
2015/12/4,3.98,4,3.94,3.92,1197141.75,-0.07,-1.75,3.944,4.001,4.081,1283660.82,1363480.05,1718576.71,1.33
2015/12/3,4.04,4.04,4.01,3.98,1209782,0,0,3.93,4.023,4.096,1446847.62,1454183.18,1821552,1.34
2015/12/2,3.9,4.05,4.01,3.87,1632538.75,0.12,3.08,3.948,4.036,4.104,1462482.9,1488214.53,1993559.08,1.81
2015/12/1,3.88,3.92,3.89,3.83,1105328.5,0.02,0.52,3.97,4.042,4.106,1386878.07,1448284.36,2008619.34,1.23
2015/11/30,3.88,3.92,3.87,3.76,1273513.12,0,0,4.01,4.065,4.106,1391639.62,1544978.45,1994531.08,1.42
2015/11/27,4.07,4.09,3.87,3.81,2013075.75,-0.23,-5.61,4.058,4.087,4.107,1443299.28,1525439.03,1997111.29,2.24
2015/11/26,4.12,4.16,4.1,4.08,1287958.38,-0.02,-0.48,4.116,4.107,4.113,1461518.73,1525272.01,1954651.37,1.43
2015/11/25,4.08,4.12,4.12,4.05,1254514.62,0.03,0.73,4.124,4.115,4.11,1513946.15,1622854.48,1949034.15,1.39
2015/11/24,4.1,4.1,4.09,4.04,1129136.25,-0.02,-0.49,4.114,4.129,4.105,1509690.65,1731764.44,1957475.48,1.26
2015/11/23,4.16,4.18,4.11,4.09,1531811.38,-0.05,-1.2,4.12,4.145,4.105,1698317.28,1865446.64,1999124.38,1.7
2015/11/20,4.14,4.19,4.16,4.12,2104173,0.02,0.48,4.116,4.161,4.107,1607578.78,2073673.38,2046942.44,2.34
2015/11/19,4.08,4.15,4.14,4.07,1550095.5,0.07,1.72,4.098,4.168,4.107,1589025.3,2188920.83,2097649.88,1.72
2015/11/18,4.1,4.13,4.07,4.06,1233237.12,-0.05,-1.21,4.106,4.171,4.104,1731762.8,2498903.63,2158029.35,1.37
2015/11/17,4.11,4.18,4.12,4.08,2072269.38,0.03,0.73,4.144,4.169,4.103,1953838.23,2568954.31,2289905.08,2.3
2015/11/16,4.01,4.09,4.09,3.99,1078118.88,0.02,0.49,4.17,4.146,4.107,2032576,2444083.71,2289564.27,1.2
2015/11/13,4.14,4.16,4.07,4.07,2011405.62,-0.11,-2.63,4.206,4.127,4.111,2539767.97,2468783.56,2352511.65,2.24
2015/11/12,4.28,4.29,4.18,4.16,2263783,-0.08,-1.88,4.238,4.119,4.116,2788816.35,2384030.72,2381273.32,2.52
2015/11/11,4.24,4.29,4.26,4.2,2343614.25,0.01,0.23,4.236,4.105,4.115,3266044.45,2275213.83,2391803.85,2.61
2015/11/10,4.24,4.28,4.25,4.19,2465958.25,-0.02,-0.47,4.194,4.081,4.103,3184070.4,2183186.53,2352497.75,2.74
2015/11/9,4.21,4.32,4.27,4.19,3614078.75,0.04,0.95,4.122,4.065,4.095,2855591.41,2132802.13,2314262.52,4.02
2015/11/6,4.16,4.25,4.23,4.13,3256647.5,0.06,1.44,4.048,4.052,4.087,2397799.14,2020211.51,2291426.36,3.62
2015/11/5,4.05,4.29,4.17,4.03,4649923.5,0.12,2.96,4,4.046,4.072,1979245.09,2006378.93,2202157.24,5.17
2015/11/4,3.9,4.05,4.05,3.9,1933744,0.16,4.11,3.974,4.036,4.059,1284383.21,1817155.08,2045177.98,2.15
2015/11/3,3.9,3.94,3.89,3.88,823563.31,-0.01,-0.26,3.968,4.036,4.046,1182302.66,2010855.86,1949800.58,0.92
2015/11/2,3.95,3.99,3.9,3.89,1325117.38,-0.09,-2.26,4.008,4.068,4.04,1410012.85,2135044.83,1937130.81,1.47
2015/10/30,4.03,4.04,3.99,3.98,1163877.25,-0.05,-1.24,4.056,4.095,4.032,1642623.87,2236239.74,1905881.03,1.29
2015/10/29,4.04,4.07,4.04,4.01,1175614.12,0.02,0.5,4.092,4.112,4.024,2033512.77,2378515.91,1878099.17,1.31
2015/10/28,4.07,4.11,4.02,4.01,1423341.25,-0.07,-1.71,4.098,4.124,4.013,2349926.95,2508393.88,1870217.35,1.58
2015/10/27,4.12,4.14,4.09,4,1962114.25,-0.05,-1.21,4.104,4.125,4.009,2839409.05,2521808.96,1841951.21,2.18
2015/10/26,4.2,4.21,4.14,4.09,2488172.5,-0.03,-0.72,4.128,4.124,3.999,2860076.8,2495722.91,1802791.76,2.77
2015/10/23,4.09,4.2,4.17,4.05,3118321.75,0.1,2.46,4.134,4.122,3.991,2829855.6,2562641.21,1751169.92,3.47
2015/10/22,4.05,4.08,4.07,3.98,2757685,0.02,0.49,4.132,4.097,3.981,2723519.05,2397935.55,1649577.72,3.07
2015/10/21,4.21,4.32,4.05,3.99,3870751.75,-0.16,-3.8,4.15,4.082,3.973,2666860.8,2273200.89,1564821.37,4.3
2015/10/20,4.15,4.22,4.21,4.14,2065453,0.04,0.96,4.146,4.055,3.966,2204208.87,1888745.3,1464739.92,2.3
2015/10/19,4.16,4.24,4.17,4.12,2337066.5,0.01,0.24,4.12,4.011,3.957,2131369.02,1739216.79,1453292.86,2.6
2015/10/16,4.18,4.2,4.16,4.08,2586639,0,0,4.11,3.969,3.935,2295426.82,1575522.32,1414058.09,2.88
2015/10/15,4.02,4.22,4.16,4.01,2474393.75,0.13,3.23,4.062,3.936,3.926,2072352.05,1377682.42,1400503.47,2.75
2015/10/14,4.07,4.12,4.03,4.03,1557492.12,-0.05,-1.23,4.014,3.902,3.926,1879540.97,1232040.82,1347349.72,1.73
2015/10/13,4.08,4.1,4.08,4.05,1701253.75,-0.04,-0.97,3.964,3.892,3.936,1573281.72,1162093.46,1345422.24,1.89
2015/10/12,3.95,4.16,4.12,3.92,3157355.5,0.2,5.1,3.902,3.873,3.949,1347064.55,1109860.6,1406098.15,3.51
2015/10/9,3.92,3.96,3.92,3.88,1471265.12,0,0,3.828,3.86,3.955,855617.82,939698.64,1333002.52,1.64
2015/10/8,3.95,3.98,3.92,3.88,1510338.38,0.15,3.98,3.81,3.865,3.966,683012.8,901219.9,1388628.11,1.68
2015/10/7,3.78,3.8,3.78,3.77,26195.86,0.01,0.27,3.79,3.864,3.981,584540.67,856441.85,1503393.97,0.03
2015/9/30,3.78,3.79,3.77,3.75,570167.88,0.02,0.53,3.82,3.877,4.002,750905.2,1040734.54,1694971.4,0.63
2015/9/29,3.78,3.81,3.75,3.74,700121.88,-0.08,-2.09,3.844,3.903,4.018,872656.65,1167368.93,1812246.02,0.78
2015/9/28,3.84,3.85,3.83,3.78,608240,0.01,0.26,3.892,3.901,4.042,1023779.45,1252593.85,1967645.41,0.68
2015/9/25,3.91,3.92,3.82,3.8,1017977.75,-0.11,-2.8,3.92,3.916,4.05,1119427,1423324.53,2077327.1,1.13
2015/9/24,3.92,3.96,3.93,3.9,858018.5,0.04,1.03,3.938,3.95,4.049,1128343.03,1462658.61,2217239.76,0.95
2015/9/23,3.95,3.96,3.89,3.88,1178925.12,-0.1,-2.51,3.934,3.979,4.046,1330563.88,1528751.01,2388688.79,1.31
2015/9/22,3.98,4.03,3.99,3.94,1455735.88,0.02,0.5,3.962,4.025,4.066,1462081.2,1702335.7,2503529.38,1.62
2015/9/21,3.88,3.98,3.97,3.85,1086477.75,0.06,1.53,3.91,4.049,4.106,1481408.25,1726306.4,2573197.19,1.21
2015/9/18,3.96,3.99,3.91,3.86,1062557.88,0,0,3.912,4.067,4.161,1727222.05,1876036.33,2644775.92,1.18
2015/9/17,4,4.08,3.91,3.91,1869122.75,-0.12,-2.98,3.962,4.098,4.23,1796974.2,2150346.09,2786102.56,2.08
2015/9/16,3.74,4.09,4.03,3.74,1836511.75,0.3,8.04,4.024,4.126,4.294,1726938.15,2349208.26,2983537.37,2.04
2015/9/15,3.9,3.96,3.73,3.7,1552371.12,-0.25,-6.28,4.088,4.132,4.38,1942590.2,2457123.11,3212818.76,1.73
2015/9/14,4.18,4.22,3.98,3.92,2315546.75,-0.18,-4.33,4.188,4.183,4.468,1971204.55,2682696.98,3390859.48,2.57
2015/9/11,4.21,4.25,4.16,4.1,1411318.62,-0.06,-1.42,4.222,4.184,4.55,2024850.6,2731329.68,3622379.24,1.57
2015/9/10,4.28,4.31,4.22,4.2,1518942.5,-0.13,-2.99,4.234,4.147,4.609,2503717.98,2971820.91,3761740.96,1.69
2015/9/9,4.25,4.36,4.35,4.21,2914772,0.12,2.84,4.228,4.112,4.664,2971478.38,3248626.56,3891268.18,3.24
2015/9/8,4.1,4.26,4.23,4,1695442.88,0.08,1.93,4.176,4.107,4.716,2971656.03,3304723.06,3993365.88,1.88
2015/9/7,4.22,4.38,4.15,4.12,2583777,-0.07,-1.66,4.178,4.162,4.766,3394189.4,3420087.98,4096517.28,2.87
2015/9/2,4,4.26,4.22,3.95,3805655.5,0.03,0.72,4.146,4.255,4.813,3437808.75,3413515.53,4164241.93,4.23
2015/9/1,4.04,4.26,4.19,3.84,3857744.5,0.1,2.44,4.06,4.362,4.85,3439923.85,3421859.03,4090265.64,4.29
2015/8/31,4.15,4.16,4.09,4,2915660.25,-0.15,-3.54,3.996,4.461,4.897,3525774.75,3617866.48,4037723.79,3.24
2015/8/28,4.07,4.27,4.24,3.98,3808109.75,0.25,6.27,4.038,4.627,4.941,3637790.1,3968514.4,4040701.1,4.23
2015/8/27,3.89,3.99,3.99,3.77,2801873.75,0.2,5.28,4.146,4.753,4.971,3445986.55,4099021.98,3964445.41,3.11
2015/8/26,3.96,4.07,3.79,3.68,3816231,-0.08,-2.07,4.364,4.916,5.009,3389222.3,4513428.8,3967475.11,4.24
2015/8/25,3.9,4.08,3.87,3.87,4286999,-0.43,-10,4.664,5.07,5.071,3403794.2,4551661,3926880.01,4.77
2015/8/24,4.59,4.59,4.3,4.3,3475737,-0.48,-10.04,4.926,5.215,5.117,3709958.2,4533909.8,3975301.39,3.86
2015/8/21,4.95,5.04,4.78,4.73,2849092,-0.3,-5.91,5.216,5.325,5.148,4299238.7,4682008.7,4031131.94,3.17
2015/8/20,5.21,5.31,5.08,5.04,2518052.5,-0.21,-3.97,5.36,5.369,5.181,4752057.4,4772946.58,4149044.41,2.8
2015/8/19,4.99,5.35,5.29,4.85,3889090.5,0.11,2.12,5.468,5.371,5.207,5637635.3,4914968.33,4290227.19,4.32
2015/8/18,5.73,5.73,5.18,5.18,5817819,-0.57,-9.91,5.476,5.338,5.212,5699527.8,4758672.25,4260050.96,6.47
2015/8/17,5.56,5.84,5.75,5.53,6422139.5,0.25,4.54,5.504,5.333,5.225,5357861.4,4457581.1,4124226.71,7.14
2015/8/14,5.59,5.62,5.5,5.47,5113185.5,-0.12,-2.13,5.434,5.255,5.208,5064778.7,4112887.8,4008238.25,5.68
2015/8/13,5.3,5.71,5.62,5.28,6945942,0.29,5.44,5.378,5.188,5.204,4793835.75,3829868.85,3946775.13,7.72
2015/8/12,5.33,5.55,5.33,5.3,4198553,0.01,0.19,5.274,5.101,5.178,4192301.35,3421521.43,3796373.79,4.67
2015/8/11,5.36,5.39,5.32,5.3,4109487,-0.08,-1.48,5.2,5.072,5.16,3817816.7,3302099.03,3867100.61,4.57
2015/8/10,5.28,5.45,5.4,5.18,4956726,0.18,3.45,5.162,5.019,5.17,3557300.8,3416692.98,4054372.14,5.51
2015/8/7,5.07,5.25,5.22,5.06,3758470.75,0.12,2.35,5.076,4.97,5.195,3160996.9,3380255.18,4321292.39,4.18
2015/8/6,5.14,5.28,5.1,5.07,3938270,0.14,2.82,4.998,4.993,5.205,2865901.95,3525142.25,4501297.93,4.38
2015/8/5,5.08,5.12,4.96,4.93,2326129.75,-0.17,-3.31,4.928,5.042,5.197,2650741.5,3665486.05,4679825.97,2.59
2015/8/4,4.97,5.15,5.13,4.91,2806907.5,0.16,3.22,4.944,5.086,5.174,2786381.35,3761429.68,4859717.49,3.12
2015/8/3,4.75,4.99,4.97,4.72,2975206.5,0.14,2.9,4.876,5.116,5.167,3276085.15,3790872.33,5123234.86,3.31
2015/7/31,4.69,4.86,4.83,4.66,2282996,0.08,1.68,4.864,5.161,5.193,3599513.45,3903588.7,5342263.96,2.54
2015/7/30,5,5.05,4.75,4.73,2862467.75,-0.29,-5.75,4.988,5.219,5.216,4184382.55,4063681.4,5585488.51,3.18
2015/7/29,4.84,5.05,5.04,4.75,3004329,0.25,5.22,5.156,5.254,5.252,4680230.6,4171226.15,5908463.53,3.34
2015/7/28,4.69,4.98,4.79,4.43,5255426.5,-0.12,-2.44,5.228,5.247,5.262,4736478,4432102.2,6048382.8,5.84
2015/7/27,5.33,5.36,4.91,4.91,4592348,-0.54,-9.91,5.356,5.32,5.305,4305659.5,4692051.3,6179679.33,5.11
2015/7/24,5.66,5.69,5.45,5.37,5207341.5,-0.14,-2.5,5.458,5.419,5.321,4207663.95,5262329.6,6316696.65,5.79
2015/7/23,5.39,5.62,5.59,5.34,5341708,0.19,3.52,5.45,5.417,5.339,3942980.25,5477453.6,6347456.05,5.94
2015/7/22,5.42,5.5,5.4,5.29,3285566,-0.03,-0.55,5.352,5.352,5.382,3662221.7,5694165.9,6355102.95,3.65
2015/7/21,5.36,5.56,5.43,5.3,3101334,0.01,0.18,5.266,5.261,5.455,4127726.4,5958005.3,6472148.53,3.45
2015/7/20,5.43,5.62,5.42,5.31,4102370.25,0.01,0.18,5.284,5.217,5.513,5078443.1,6455597.4,6592343.25,4.56
2015/7/17,5.2,5.49,5.41,5.14,3883923,0.31,6.08,5.38,5.225,5.572,6316995.25,6780939.23,6648694.84,4.32
2015/7/16,4.97,5.25,5.1,4.71,3937915.25,0.13,2.62,5.384,5.212,5.655,7011926.95,7107295.63,6752074.09,4.38
2015/7/15,5.39,5.48,4.97,4.97,5613089.5,-0.55,-9.96,5.352,5.25,5.753,7726110.1,7645700.9,6830974,6.24
2015/7/14,5.7,5.9,5.52,5.42,7854917.5,-0.38,-6.44,5.256,5.277,5.857,7788284.2,7664663.4,6901121.15,8.73
2015/7/13,5.56,5.9,5.9,5.38,10295131,0.47,8.66,5.15,5.29,5.955,7832751.7,7667307.35,6924597.08,11.44
2015/7/10,5.1,5.43,5.43,5,7358581.5,0.49,9.92,5.07,5.223,6.026,7244883.2,7371063.7,6687766.53,8.18
2015/7/9,4.49,4.94,4.94,4.11,7508831,0.45,10.02,5.04,5.261,6.119,7202664.3,7217458.5,6615117.63,8.35
2015/7/8,4.49,4.69,4.49,4.49,5923960,-0.5,-10.02,5.148,5.412,6.241,7565291.7,7016040,6766025.58,6.59
2015/7/7,5.33,5.43,4.99,4.95,8077255,-0.51,-9.27,5.298,5.648,6.375,7541042.6,6986291.75,6861789.98,8.98
2015/7/6,5.8,5.81,5.5,5.09,7355788.5,0.22,4.17,5.43,5.809,6.473,7501863,6729089.1,6782447.48,8.18
2015/7/3,5.29,5.75,5.28,4.97,7147487,-0.2,-3.65,5.376,5.919,6.55,7497244.2,6516450.45,6803153.13,7.95
2015/7/2,5.75,5.75,5.48,5.27,9321968,0.24,4.58,5.482,6.098,6.641,7232252.7,6396852.55,6870009.53,10.36
2015/7/1,5.59,5.74,5.24,5.11,5802714.5,-0.41,-7.26,5.676,6.256,6.717,6466788.3,6016247.1,6800013.88,6.45
2015/6/30,5.18,5.7,5.65,4.71,7881357,0.42,8.03,5.998,6.436,6.792,6431540.9,6137578.9,6803320.6,8.76
2015/6/29,5.98,6.01,5.23,5.23,7332694.5,-0.58,-9.98,6.188,6.619,6.843,5956315.2,6181886.8,6689194.5,8.17
2015/6/26,6.2,6.34,5.81,5.81,5822529.5,-0.64,-9.92,6.462,6.829,6.902,5535656.7,6004469.35,6623500.75,6.49
2015/6/25,6.88,6.9,6.45,6.3,5494646,-0.4,-5.84,6.714,6.977,6.937,5561452.4,6012776.75,6803981.93,6.12
2015/6/24,6.67,6.87,6.85,6.6,5626477.5,0.25,3.79,6.836,7.07,6.956,5565705.9,6516011.15,6913302.08,6.27
2015/6/23,6.7,6.75,6.6,5.95,5505228.5,0,0,6.874,7.101,6.965,5843616.9,6737288.2,7188333.85,6.13
2015/6/19,6.89,7.23,6.6,6.52,5229402,-0.47,-6.65,7.05,7.137,6.964,6407458.4,6835805.85,7290801.13,5.82
2015/6/18,7.05,7.4,7.07,6.98,5951508,0.01,0.14,7.196,7.181,6.954,6473282,7089855.8,7380842.68,6.63
2015/6/17,7,7.1,7.06,6.67,5515913.5,0.02,0.28,7.24,7.184,6.913,6464101.1,7343166.5,7325350.95,6.14
2015/6/16,7.35,7.42,7.04,6.98,7016032.5,-0.44,-5.88,7.304,7.178,6.87,7466316.4,7583780.65,7338300.33,7.82
2015/6/15,7.38,7.68,7.48,7.31,8324436,0.15,2.05,7.328,7.147,6.828,7630959.5,7469062.3,7200994.23,9.27
2015/6/12,7.29,7.43,7.33,7.24,5558520,0.04,0.55,7.224,7.067,6.76,7264153.3,7196502.2,7071888.58,6.19
2015/6/11,7.28,7.46,7.29,7.22,5905603.5,-0.09,-1.22,7.166,6.974,6.708,7706429.6,7242532.15,7357200.98,6.58
2015/6/10,7.12,7.65,7.38,7.02,10526990,0.22,3.07,7.128,6.897,6.672,8222231.9,7595187.1,7609309.55,11.73
2015/6/9,6.96,7.2,7.16,6.89,7839248,0.2,2.87,7.052,6.841,6.602,7701244.9,7310593,7307947.53,8.73
2015/6/8,7.04,7.08,6.96,6.8,6490405,-0.08,-1.14,6.966,6.828,6.547,7307165.1,7639379.5,7129879.8,7.23
2015/6/5,7.2,7.3,7.04,6.88,7769901.5,-0.06,-0.84,6.91,6.79,6.503,7128851.1,7745796.4,7080275.4,8.65
2015/6/4,7.02,7.27,7.1,6.44,8484615,0.1,1.43,6.782,6.726,6.451,6778634.7,7671829.55,6958230.25,9.45
2015/6/3,6.73,7.03,7,6.62,7922055,0.27,4.01,6.666,6.642,6.378,6968142.3,7307535.4,6697827.74,8.82
2015/6/2,6.68,6.78,6.73,6.56,5868849,0.05,0.75,6.63,6.561,6.307,6919941.1,7092820,6494103.06,6.54
2015/6/1,6.41,6.69,6.68,6.34,5598835,0.28,4.38,6.69,6.508,6.263,7971593.9,6932926.15,6460601.86,6.24
2015/5/29,6.53,6.69,6.4,6.2,6018819.5,-0.12,-1.84,6.67,6.453,6.241,8362741.7,6947274.95,6326114.33,6.7
2015/5/28,6.82,7.31,6.52,6.5,9432153,-0.3,-4.4,6.67,6.442,6.232,8565024.4,7471869.8,6178930.93,10.51
2015/5/27,6.99,6.99,6.82,6.72,7681049,-0.21,-2.99,6.618,6.447,6.219,7646928.5,7623432,5897837.59,8.56
2015/5/26,6.62,7.2,7.03,6.51,11127113,0.45,6.84,6.492,6.362,6.185,7265698.9,7305302.05,5782277.49,12.39
2015/5/25,6.38,6.67,6.58,6.34,7554574,0.18,2.81,6.326,6.265,6.158,5894258.4,6620380.1,5479171.41,8.41
2015/5/22,6.32,6.45,6.4,6.24,7030233,0.14,2.24,6.236,6.216,6.156,5531808.2,6414754.4,5419626.99,7.83
2015/5/21,6.18,6.3,6.26,6.15,4841673.5,0.07,1.13,6.214,6.176,6.163,6378715.2,6244630.95,5346056.31,5.39
2015/5/20,6.24,6.3,6.19,6.14,5774901,-0.01,-0.16,6.276,6.113,6.182,7599935.5,6088120.08,5457800.44,6.43
2015/5/19,6.1,6.27,6.2,6.09,4269910.5,0.07,1.14,6.232,6.053,6.205,7344905.2,5895386.13,5634503.64,4.76
2015/5/18,6.18,6.35,6.13,6.05,5742323,-0.16,-2.54,6.204,6.018,6.204,7346501.8,5988277.58,5777778.36,6.4
2015/5/15,6.69,6.7,6.29,6.22,11264768,-0.28,-4.26,6.196,6.029,6.205,7297700.6,5704953.7,5740656.76,12.55
2015/5/14,6.15,6.57,6.57,6.11,10947775,0.6,10.05,6.138,6.022,6.192,6110546.7,4885992.05,5346912.71,12.19
2015/5/13,6.08,6.14,5.97,5.91,4499749.5,-0.09,-1.49,5.95,5.99,6.164,4576304.65,4172243.18,5024859.51,5.01
2015/5/12,6.1,6.17,6.06,6.01,4277893.5,-0.03,-0.49,5.874,6.008,6.175,4445867.05,4259252.93,5026472.74,4.77
2015/5/11,6.1,6.1,6.09,5.95,5498317,0.09,1.5,5.832,6.051,6.184,4630053.35,4337962.72,5047430.44,6.12
2015/5/8,5.81,6.13,6,5.8,5328998.5,0.37,6.57,5.862,6.096,6.19,4112206.8,4424499.58,4988323.24,5.94
2015/5/7,5.58,5.77,5.63,5.52,3276564.75,0.04,0.72,5.906,6.149,6.198,3661437.4,4447481.68,4996121.61,3.65
2015/5/6,5.85,5.95,5.59,5.55,3847561.5,-0.26,-4.44,6.03,6.25,6.238,3768181.7,4827480.8,5036910.26,4.71
2015/5/5,6.2,6.22,5.85,5.75,5198825,-0.39,-6.25,6.142,6.357,6.281,4072638.8,5373621.15,5113819.49,6.36
2015/5/4,6.2,6.29,6.24,6.13,2909084.25,0.02,0.32,6.27,6.39,6.297,4045872.1,5567279.15,5006598.89,3.56
2015/4/30,6.3,6.36,6.22,6.21,3075151.5,-0.03,-0.48,6.33,6.381,6.295,4736792.35,5776359.83,5122146.47,3.76
2015/4/29,6.13,6.38,6.25,6.06,3810286.25,0.1,1.63,6.392,6.362,6.3,5233525.95,5807833.38,5333741.75,4.66
2015/4/28,6.49,6.49,6.15,6.11,5369847,-0.34,-5.24,6.47,6.337,6.282,5886779.9,5877475.85,5315639.69,6.57
2015/4/27,6.58,6.61,6.49,6.41,5064991.5,-0.05,-0.77,6.572,6.342,6.27,6674603.5,5793692.55,5223085.08,6.19
2015/4/24,6.42,6.73,6.54,6.35,6363685.5,0.01,0.15,6.51,6.317,6.239,7088686.2,5756898.15,5109839.41,7.78
2015/4/23,6.65,6.68,6.53,6.43,5558819.5,-0.11,-1.66,6.432,6.283,6.203,6815927.3,5552146.9,4986813.91,6.8
2015/4/22,6.6,6.76,6.64,6.55,7076556,-0.02,-0.3,6.332,6.246,6.176,6382140.8,5544761.55,5011327.04,8.65
2015/4/21,6.22,6.75,6.66,6.14,9308965,0.48,7.77,6.204,6.226,6.139,5868171.8,5246339.72,4924174.91,11.38
2015/4/20,6.12,6.35,6.18,5.97,7135405,0.03,0.49,6.112,6.204,6.105,4912781.6,4854017.83,4737025.54,8.73
2015/4/17,6.06,6.19,6.15,6.03,4999891,0.12,1.99,6.124,6.204,6.09,4425110.1,4445918.63,4693563.59,6.11
2015/4/16,5.95,6.12,6.03,5.83,3389887,0.03,0.5,6.134,6.208,6.074,4288366.5,4467933.13,4870172.79,4.15
2015/4/15,6.22,6.22,6,5.95,4506711,-0.2,-3.23,6.16,6.237,6.062,4707382.3,4859650.13,5129515.24,5.51
2015/4/14,6.25,6.26,6.2,6.15,4532014,-0.04,-0.64,6.248,6.227,6.025,4624507.65,4753803.53,5125198.86,5.54
2015/4/13,6.2,6.28,6.24,6.12,4697047.5,0.04,0.65,6.296,6.198,5.976,4795254.05,4652477.6,5078075.22,5.74
2015/4/10,6.18,6.27,6.2,6.06,4316173,0.04,0.65,6.284,6.16,5.919,4466727.15,4462780.68,4970736.11,5.28
2015/4/9,6.48,6.51,6.16,6.06,5484966,-0.2,-3.15,6.282,6.123,5.862,4647499.75,4421480.93,4930114.74,6.71
2015/4/8,6.46,6.51,6.44,6.21,4092337.75,0,0,6.314,6.106,5.813,5011917.95,4477892.53,4842895.45,5
2015/4/7,6.39,6.64,6.44,6.35,5385746,0.26,4.21,6.206,6.052,5.755,4883099.4,4602010.1,4816268.84,6.59
2015/4/3,6.16,6.2,6.18,6.1,3054413,-0.01,-0.16,6.1,6.005,5.692,4509701.15,4620033.25,4708517.05,3.74
2015/4/2,6.3,6.3,6.19,6.11,5220036,-0.13,-2.06,6.036,5.976,5.638,4458834.2,4941208.55,4800577.65,6.38
2015/4/1,5.94,6.4,6.32,5.88,7307057,0.42,7.12,5.964,5.94,5.597,4195462.1,5272412.45,4750329.58,8.94
2015/3/31,5.96,6,5.9,5.8,3448245,-0.01,-0.17,5.898,5.887,5.554,3943867.1,5399380.35,4658746.88,4.22
2015/3/30,5.86,5.95,5.91,5.84,3518754.75,0.05,0.85,5.898,5.823,5.513,4320920.8,5496594.2,4704497.53,4.3
2015/3/27,5.85,5.93,5.86,5.77,2800078.25,0.03,0.52,5.91,5.753,5.478,4730365.35,5503672.85,4810804.84,3.42
2015/3/26,5.98,5.98,5.83,5.82,3903175.5,-0.16,-2.67,5.916,5.678,5.436,5423582.9,5478691.55,4916636.1,4.77
2015/3/25,5.86,6.08,5.99,5.75,6049082,0.09,1.52,5.916,5.601,5.379,6349362.8,5438748.55,4846476.4,7.4
2015/3/24,6.01,6.01,5.9,5.72,5333513.5,-0.07,-1.17,5.876,5.519,5.311,6854893.6,5207898.38,4730415.59,6.52
2015/3/23,5.93,6.11,5.97,5.84,5565977.5,0.08,1.36,5.748,5.458,5.263,6672267.6,5030527.58,4469048.73,6.81
2015/3/20,5.82,6.03,5.89,5.69,6266166,0.06,1.03,5.596,5.378,5.205,6276980.35,4797000.85,4392497.47,7.66
2015/3/19,5.88,6.05,5.83,5.71,8532075,0.04,0.69,5.44,5.299,5.155,5533800.2,4659946.75,4392612.77,10.43
2015/3/18,5.28,5.79,5.79,5.28,8576736,0.53,10.08,5.286,5.253,5.088,4528134.3,4228246.7,4228697.47,10.49
2015/3/17,5.23,5.35,5.26,5.16,4420383.5,0.05,0.96,5.162,5.22,5.024,3560903.15,3918113.4,4321491.77,5.41
2015/3/16,5.15,5.31,5.21,5.12,3589541.25,0.1,1.96,5.168,5.202,4.971,3388787.55,3912400.85,4557724.84,4.39
2015/3/13,5.05,5.17,5.11,5,2550265.25,0.05,0.99,5.16,5.202,4.902,3317021.35,4117936.83,4514194.29,3.12
2015/3/12,5.2,5.21,5.06,4.99,3503745.5,-0.11,-2.13,5.158,5.193,4.829,3786093.3,4354580.65,4454937.22,4.28
2015/3/11,5.25,5.45,5.17,5.09,3740580.25,-0.12,-2.27,5.22,5.156,4.759,3928359.1,4254204.25,4365168.22,4.57
2015/3/10,5.16,5.38,5.29,5.1,3559805.5,0.12,2.32,5.278,5.103,4.688,4275323.65,4252932.8,4263597.77,4.35
2015/3/9,5.06,5.19,5.17,4.9,3230710.25,0.07,1.37,5.236,5.068,4.614,4436014.15,3907569.88,4164185.19,3.95
2015/3/6,5.37,5.39,5.1,5.05,4895625,-0.27,-5.03,5.244,5.032,4.548,4918852.3,3987994.08,4084242,5.99
2015/3/5,5.46,5.49,5.37,5.23,4215074.5,-0.09,-1.65,5.228,5.01,4.484,4923068,4125278.78,3932657.62,5.15
2015/3/4,5.1,5.5,5.46,5.1,5475403,0.38,7.48,5.092,4.923,4.41,4580049.4,4229148.23,3907041.67,6.7
2015/3/3,5.23,5.35,5.08,5.06,4363258,-0.13,-2.5,4.928,4.827,4.328,4230541.95,4724870.13,3720778.22,5.34
2015/3/2,5.03,5.32,5.21,4.95,5644901,0.19,3.79,4.9,4.74,4.268,3379125.61,5203048.83,3608552.03,6.9
2015/2/27,4.68,5.14,5.02,4.62,4916703.5,0.33,7.04,4.82,4.602,4.206,3057135.86,4910451.76,3519801.34,6.01
2015/2/26,4.64,4.73,4.69,4.6,2499981.5,0.05,1.08,4.792,4.465,4.151,3327489.56,4555293.78,3379638.42,3.06
2015/2/25,4.78,4.79,4.64,4.61,3727865.75,-0.17,-3.53,4.754,4.362,4.109,3878247.06,4476132.18,3337552.6,4.56
2015/2/24,4.91,4.96,4.94,4.85,106176.31,0.13,2.7,4.726,4.273,4.072,5219198.31,4274262.74,3247272.25,0.13
2015/2/17,4.96,4.96,4.81,4.73,4034952.25,-0.07,-1.43,4.58,4.16,4.02,7026972.05,4420800.5,3367563.76,4.96
2015/2/16,4.51,4.9,4.88,4.48,6268472,0.38,8.44,4.384,4.064,3.969,6763767.65,4180489.93,3300146.12,7.71
2015/2/13,4.55,4.6,4.5,4.38,5253769,0,0,4.138,3.957,3.911,5783098,3740036.45,3184535.74,6.46
2015/2/12,4.21,4.63,4.5,4.19,10432622,0.29,6.89,3.97,3.896,3.887,5074017.3,3584935.1,3047411.72,12.82
2015/2/11,3.88,4.21,4.21,3.88,9145045,0.38,9.92,3.82,3.828,3.86,3329327.18,2716686.3,2637268.37,11.24
2015/2/10,3.75,3.85,3.83,3.74,2718930.25,0.18,4.93,3.74,3.796,3.846,1814628.95,2014055.23,2269828.62,3.34
2015/2/9,3.66,3.7,3.65,3.61,1365123.75,-0.01,-0.27,3.744,3.81,3.855,1597212.2,2129150.93,2220829.14,1.68
2015/2/6,3.74,3.8,3.66,3.64,1708365.5,-0.09,-2.4,3.776,3.836,3.871,1696974.9,2203983.05,2280007.14,2.1
2015/2/5,3.86,3.87,3.75,3.74,1709171.38,-0.06,-1.57,3.822,3.856,3.888,2095852.9,2198973.01,2360388.91,2.1
2015/2/4,3.86,3.88,3.81,3.8,1571553.88,-0.04,-1.04,3.836,3.871,3.903,2104045.43,2220281.75,2412676.49,1.93
2015/2/3,3.84,3.86,3.85,3.79,1631846.5,0.04,1.05,3.852,3.879,3.921,2213481.5,2314327.01,2496594.22,2.01
2015/2/2,3.81,3.85,3.81,3.78,1863937.25,-0.08,-2.06,3.876,3.874,3.936,2661089.65,2419802.31,2674584,2.29
2015/1/30,3.86,3.98,3.89,3.85,3702755.5,0.07,1.83,3.896,3.864,3.947,2710991.2,2629035.04,2840760.56,4.55
2015/1/29,3.85,3.87,3.82,3.79,1750134,-0.07,-1.8,3.89,3.877,3.942,2302093.12,2509888.34,2760123.92,2.15
2015/1/28,3.93,3.94,3.89,3.88,2118734.25,-0.08,-2.02,3.906,3.892,3.938,2336518.07,2557850.44,2798622.04,2.6
2015/1/27,3.91,4.06,3.97,3.88,3869887.25,0.06,1.53,3.906,3.896,3.935,2415172.52,2525602.02,2867679.37,4.76
2015/1/26,3.87,3.91,3.91,3.84,2113445,0.05,1.29,3.872,3.9,3.933,2178514.97,2312507.35,2817231.99,2.6
2015/1/23,3.91,3.92,3.86,3.85,1658265.12,-0.04,-1.03,3.832,3.906,3.931,2547078.87,2356031.22,2849359.3,2.04
2015/1/22,3.88,3.92,3.9,3.85,1922258.75,0.01,0.26,3.864,3.92,3.929,2717683.55,2521804.81,2989833.42,2.36
2015/1/21,3.8,3.9,3.89,3.77,2512006.5,0.09,2.37,3.878,3.934,3.932,2779182.8,2605071.24,3202778.81,3.09
2015/1/20,3.72,3.83,3.8,3.72,2686599.5,0.09,2.43,3.886,3.962,3.934,2636031.52,2678861.44,3325479.33,3.3
2015/1/19,3.84,3.94,3.71,3.62,3956264.5,-0.31,-7.71,3.928,3.997,3.933,2446499.72,2929365.69,3346392.87,4.86
2015/1/16,3.98,4.07,4.02,3.94,2511288.5,0.05,1.26,3.98,4.029,3.938,2164983.57,3052486.09,3344557.37,3.09
2015/1/15,3.93,3.98,3.97,3.85,2229755,0.04,1.02,3.976,4.007,3.924,2325926.07,3010359.51,3399722.03,2.74
2015/1/14,4,4.01,3.93,3.9,1796250.12,-0.08,-2,3.99,3.983,3.917,2430959.67,3039393.64,3469481.89,2.21
2015/1/13,3.97,4.04,4.01,3.95,1738940.5,0.04,1.01,4.038,3.974,3.912,2721691.35,3209756.73,3531740.23,2.14
2015/1/12,3.98,4.06,3.97,3.92,2548683.75,-0.03,-0.75,4.066,3.965,3.903,3412231.65,3321956.63,3598459.1,3.13
2015/1/9,4.04,4.14,4,3.99,3316001,-0.04,-0.99,4.078,3.955,3.896,3939988.6,3342687.38,3689807.16,4.08
2015/1/8,4.17,4.18,4.04,4,2754923,-0.13,-3.12,4.038,3.937,3.888,3694792.95,3457862.03,3759754.79,3.39
2015/1/7,4.18,4.25,4.17,4.1,3249908.5,0.02,0.48,3.976,3.93,3.865,3647827.6,3800486.38,4055232.69,3.99
2015/1/6,4.1,4.27,4.15,4.03,5191642,0.12,2.98,3.91,3.905,3.842,3697822.1,3972097.23,4219370.81,6.38
2015/1/5,3.83,4.05,4.03,3.83,5187468.5,0.23,6.05,3.864,3.869,3.809,3231681.6,3763420.05,4242720.66,6.38
2014/12/31,3.73,3.81,3.8,3.72,2090022.75,0.07,1.88,3.832,3.847,3.783,2745386.15,3636628.65,4185454.33,2.57
2014/12/30,3.83,3.83,3.73,3.71,2520096.25,-0.11,-2.87,3.836,3.841,3.766,3220931.1,3789084.55,4326507.69,3.1
2014/12/29,3.96,3.97,3.84,3.8,3499881,-0.08,-2.04,3.884,3.85,3.75,3953145.15,3899570.15,4386684.74,4.3
2014/12/26,3.87,3.94,3.92,3.85,2860939.5,0.05,1.29,3.9,3.85,3.727,4246372.35,3853723.73,4483143.49,3.52
2014/12/25,3.81,3.88,3.87,3.77,2755991.25,0.05,1.31,3.874,3.841,3.694,4295158.5,3874961.58,4468390.45,3.39
2014/12/24,4.05,4.09,3.82,3.78,4467747.5,-0.15,-3.78,3.862,3.836,3.662,4527871.15,4036926.95,4444563.39,5.49
2014/12/23,3.98,4.15,3.97,3.96,6181166.5,0.05,1.28,3.846,3.838,3.634,4357238,4061647.55,4314954.2,7.6
2014/12/22,3.81,3.98,3.92,3.8,4966017,0.13,3.43,3.816,3.8,3.599,3845995.15,4309979,4122296.34,6.1
2014/12/19,3.79,3.83,3.79,3.71,3104870.25,-0.02,-0.53,3.8,3.778,3.566,3461075.1,4466644.4,4026882.06,3.82
2014/12/18,3.71,3.84,3.81,3.68,3919554.5,0.07,1.87,3.808,3.749,3.536,3454764.65,4722021.28,3963070.57,4.82
2014/12/17,3.8,3.8,3.74,3.68,3614581.75,-0.08,-2.09,3.81,3.719,3.505,3545982.75,4734280,3823309.97,4.44
2014/12/16,3.85,3.85,3.82,3.75,3624952.25,-0.02,-0.52,3.83,3.691,3.479,3766057.1,4863930.83,3712500.88,4.46
2014/12/15,3.84,3.89,3.84,3.77,3041416.75,0.01,0.26,3.784,3.649,3.461,4773962.85,4873799.33,3717108.7,3.74
2014/12/12,3.81,3.91,3.83,3.76,3073318,0.01,0.26,3.756,3.603,3.44,5472213.7,5112563.25,3754647.15,3.78
2014/12/11,3.84,3.93,3.82,3.7,4375645,-0.02,-0.52,3.69,3.546,3.417,5989277.9,5061819.33,3794725.33,5.38
2014/12/10,3.62,3.85,3.84,3.61,4714953.5,0.25,6.96,3.628,3.488,3.392,5922577.25,4852199.83,3758417.85,5.8
2014/12/9,3.62,3.99,3.59,3.58,8664481,-0.11,-2.97,3.552,3.429,3.362,5961804.55,4568260.85,3694648.81,10.65
2014/12/8,3.48,3.74,3.7,3.44,6532671,0.2,5.71,3.514,3.398,3.346,4973635.8,3934613.68,3339660.8,8.03
2014/12/5,3.53,3.71,3.5,3.4,5658639,-0.01,-0.28,3.45,3.353,3.318,4752912.8,3587119.73,3094044.63,6.95
2014/12/4,3.45,3.52,3.51,3.43,4042141.75,0.05,1.45,3.402,3.323,3.303,4134360.75,3204119.86,2880328.43,4.97
2014/12/3,3.41,3.55,3.46,3.4,4911090,0.06,1.76,3.348,3.291,3.285,3781822.4,2912339.94,2774709.03,6.04
2014/12/2,3.35,3.43,3.4,3.32,3723637.25,0.02,0.59,3.306,3.267,3.267,3174717.15,2561070.94,2561070.94,4.58
2014/12/1,3.27,3.42,3.38,3.24,5429056,0.12,3.68,3.282,3.252,3.252,2895591.55,2431896.9,2431896.9,6.67
2014/11/28,3.24,3.26,3.26,3.21,2565878.75,0.02,0.62,3.256,3.236,3.236,2421326.65,2057252.02,2057252.02,3.15
2014/11/27,3.27,3.28,3.24,3.22,2279450,-0.01,-0.31,3.244,3.233,3.233,2273878.98,1984591.05,1984591.05,2.8
2014/11/26,3.29,3.3,3.25,3.23,1875563.75,-0.03,-0.92,3.234,3.232,3.232,2042857.48,1935447.9,1935447.9,2.31
2014/11/25,3.25,3.29,3.28,3.23,2328009.25,0.03,0.92,3.228,3.228,3.228,1947424.73,1947424.73,1947424.73,2.86
2014/11/24,3.24,3.28,3.25,3.2,3057731.5,0.05,1.56,3.215,3.215,3.215,1852278.6,1852278.6,1852278.6,3.76
2014/11/21,3.19,3.21,3.2,3.14,1828640.38,0.01,0.31,3.203,3.203,3.203,1450460.96,1450460.96,1450460.96,2.25
2014/11/20,3.2,3.21,3.19,3.18,1124342.5,-0.03,-0.93,3.205,3.205,3.205,1261371.25,1261371.25,1261371.25,1.38
2014/11/19,3.19,3.23,3.22,3.18,1398400,0.03,0.94,3.22,3.22,3.22,1398400,1398400,1398400,1.72
