date,open,high,close,low,volume,price_change,p_change,ma5,ma10,ma20,v_ma5,v_ma10,v_ma20,turnover
2017-11-17,6.79,6.83,6.45,6.39,42519.15,-0.35,-5.15,6.736,6.819,6.929,26096.67,21228.36,22354.58,1.37
2017-11-16,6.77,6.88,6.78,6.74,15323.64,-0.01,-0.15,6.838,6.849,6.968,20747.28,19238.58,20970.8,0.49
2017-11-15,6.77,6.83,6.78,6.74,16548.53,-0.02,-0.29,6.872,6.85,6.987,20909.78,21210.61,22096.31,0.53
2017-11-14,6.96,6.96,6.81,6.75,23738.4,-0.05,-0.73,6.898,6.865,7.012,20753.47,21539.47,23052.93,0.76
2017-11-13,6.95,6.95,6.86,6.82,32353.61,-0.1,-1.44,6.912,6.876,7.04,19556.23,21394.84,23041.32,1.04
2017-11-10,6.96,6.99,6.96,6.91,15772.24,0.01,0.14,6.902,6.882,7.068,16360.05,22423.23,24130.94,0.51
2017-11-09,6.93,6.97,6.95,6.88,16136.12,0.04,0.58,6.86,6.906,7.105,17729.87,22762.27,24728.02,0.52
2017-11-08,6.85,6.95,6.91,6.85,15767.0,0.03,0.44,6.828,6.935,7.142,21511.44,22786.88,25694.8,0.51
2017-11-07,6.81,6.89,6.88,6.76,17752.19,0.07,1.03,6.832,6.965,7.181,22325.47,22694.67,27503.94,0.57
2017-11-06,6.8,6.82,6.81,6.71,16372.69,0.06,0.89,6.84,6.995,7.228,23233.45,22765.14,29738.47,0.53
2017-11-03,6.83,6.85,6.75,6.71,22621.37,-0.04,-0.59,6.862,7.039,7.274,28486.42,23480.8,31565.48,0.73
2017-11-02,6.92,6.93,6.79,6.72,35043.94,-0.14,-2.02,6.952,7.087,7.326,27794.67,22703.01,35283.99,1.13
2017-11-01,6.93,6.95,6.93,6.91,19837.14,0.01,0.14,7.042,7.124,7.366,24062.32,22982.01,35550.59,0.64
2017-10-31,6.92,6.96,6.92,6.88,22292.09,0.0,0.0,7.098,7.159,7.403,23063.88,24566.39,37806.97,0.72
2017-10-30,7.16,7.21,6.92,6.91,42637.56,-0.28,-3.89,7.15,7.204,7.439,22296.84,24687.79,39726.26,1.37
2017-10-27,7.21,7.24,7.2,7.15,19162.6,-0.04,-0.55,7.216,7.253,7.476,18475.18,25838.65,41919.42,0.62
2017-10-26,7.2,7.25,7.24,7.17,16382.21,0.03,0.42,7.222,7.303,7.507,17611.36,26693.77,51342.77,0.53
2017-10-25,7.21,7.24,7.21,7.17,14844.92,0.03,0.42,7.206,7.348,7.557,21901.71,28602.72,63080.57,0.48
2017-10-24,7.24,7.25,7.18,7.17,18456.92,-0.07,-0.97,7.22,7.397,7.57,26068.91,32313.2,63701.0,0.59
2017-10-23,7.22,7.26,7.25,7.15,23529.23,0.02,0.28,7.258,7.461,7.584,27078.75,36711.79,64534.6,0.76
2017-10-20,7.21,7.23,7.23,7.14,14843.52,0.07,0.98,7.29,7.508,7.589,33202.12,39650.16,65030.15,0.48
2017-10-19,7.3,7.31,7.16,7.14,37833.94,-0.12,-1.65,7.384,7.564,7.599,35776.17,47864.97,65278.06,1.22
2017-10-18,7.37,7.44,7.28,7.24,35680.93,-0.09,-1.22,7.49,7.608,7.613,35303.73,48119.17,64505.46,1.15
2017-10-17,7.42,7.42,7.37,7.32,23506.11,-0.04,-0.54,7.574,7.647,7.618,38557.49,51047.54,63928.02,0.76
2017-10-16,7.68,7.68,7.41,7.38,54146.11,-0.29,-3.77,7.664,7.674,7.618,46344.84,54764.72,63852.59,1.74
2017-10-13,7.7,7.72,7.7,7.64,27713.78,0.01,0.13,7.726,7.698,7.617,46098.2,58000.19,62430.6,0.89
2017-10-12,7.7,7.72,7.69,7.64,35471.72,-0.01,-0.13,7.744,7.711,7.597,59953.77,75991.77,61677.27,1.14
2017-10-11,7.82,7.84,7.7,7.66,51949.74,-0.12,-1.53,7.726,7.765,7.576,60934.61,97558.42,60743.03,1.67
2017-10-10,7.72,7.84,7.82,7.66,62442.83,0.1,1.29,7.72,7.743,7.56,63537.59,95088.8,59556.1,2.01
2017-10-09,7.84,7.88,7.72,7.68,52912.94,-0.07,-0.9,7.684,7.706,7.539,63184.6,92357.4,57517.87,1.7
2017-09-29,7.61,7.85,7.79,7.57,96991.64,0.19,2.5,7.67,7.67,7.525,69902.17,90410.14,55789.84,3.12
2017-09-28,7.62,7.67,7.6,7.57,40375.89,-0.07,-0.91,7.678,7.634,7.504,92029.77,82691.15,52129.48,1.3
2017-09-27,7.71,7.71,7.67,7.53,64964.64,0.03,0.39,7.804,7.618,7.495,134182.24,80891.74,51387.84,2.09
2017-09-26,7.61,7.75,7.64,7.58,60677.89,-0.01,-0.13,7.766,7.588,7.478,126640.01,76808.5,49486.05,1.95
2017-09-25,7.8,7.94,7.65,7.62,86500.81,-0.18,-2.3,7.728,7.561,7.461,121530.2,72940.45,48626.75,2.78
2017-09-22,8.07,8.23,7.83,7.79,207629.64,-0.4,-4.86,7.67,7.535,7.444,110918.1,66861.02,46032.38,6.67
2017-09-21,7.81,8.23,8.23,7.6,251138.22,0.75,10.03,7.59,7.483,7.409,73352.53,47362.77,36751.4,8.07
2017-09-06,7.43,7.49,7.48,7.4,27253.51,0.03,0.4,7.432,7.386,7.359,27601.24,23927.64,26210.04,0.88
2017-09-05,7.36,7.45,7.45,7.33,35128.83,0.09,1.22,7.41,7.376,7.356,26976.99,24023.4,25690.04,1.13
2017-09-04,7.42,7.43,7.36,7.35,33440.32,-0.07,-0.94,7.394,7.371,7.353,24350.7,22678.33,25020.33,1.07
2017-09-01,7.45,7.46,7.43,7.36,19801.78,-0.01,-0.13,7.4,7.379,7.357,22803.94,21169.55,24305.01,0.64
2017-08-31,7.4,7.44,7.44,7.37,22381.78,0.07,0.95,7.376,7.374,7.354,21373.0,21567.81,24227.6,0.72
2017-08-30,7.37,7.43,7.37,7.36,24132.24,0.0,0.0,7.34,7.371,7.352,20254.04,21883.95,24390.61,0.78
2017-08-29,7.39,7.41,7.37,7.35,21997.4,-0.02,-0.27,7.342,7.367,7.351,21069.81,22163.6,24073.47,0.71
2017-08-28,7.31,7.4,7.39,7.31,25706.48,0.08,1.09,7.348,7.36,7.355,21005.95,24313.06,23819.81,0.83
2017-08-25,7.25,7.34,7.31,7.23,12647.09,0.05,0.69,7.358,7.353,7.359,19535.16,25203.74,23486.53,0.41
2017-08-24,7.39,7.39,7.26,7.24,16787.01,-0.12,-1.63,7.372,7.335,7.364,21762.63,26140.04,23713.28,0.54
2017-08-23,7.38,7.46,7.38,7.31,28211.08,-0.02,-0.27,7.402,7.331,7.377,23513.85,28492.44,24237.46,0.91
2017-08-22,7.42,7.48,7.4,7.32,21678.11,-0.04,-0.54,7.392,7.335,7.377,23257.38,27356.68,23964.34,0.7
2017-08-21,7.38,7.46,7.44,7.37,18352.5,0.06,0.81,7.372,7.335,7.374,27620.16,27362.34,23719.37,0.59
2017-08-18,7.38,7.45,7.38,7.35,23784.45,-0.03,-0.41,7.348,7.334,7.365,30872.33,27440.48,23602.45,0.76
2017-08-17,7.33,7.48,7.41,7.28,25543.11,0.08,1.09,7.298,7.333,7.358,30517.44,26887.38,23248.82,0.82
2017-08-16,7.27,7.34,7.33,7.24,26928.74,0.03,0.41,7.26,7.332,7.347,33471.03,26897.28,22990.27,0.87
2017-08-15,7.28,7.57,7.3,7.26,43491.99,-0.02,-0.27,7.278,7.334,7.341,31455.99,25983.34,22503.54,1.4
2017-08-14,7.09,7.38,7.32,7.07,34613.34,0.19,2.67,7.298,7.349,7.331,27104.52,23326.56,21391.78,1.11
2017-08-11,7.18,7.22,7.13,7.07,22010.04,-0.09,-1.25,7.32,7.365,7.317,24008.63,21769.31,21486.49,0.71
2017-08-10,7.3,7.39,7.22,7.16,40311.02,-0.2,-2.69,7.368,7.392,7.347,23257.31,21286.52,21266.4,1.3
2017-08-09,7.39,7.43,7.42,7.37,16853.54,0.02,0.27,7.404,7.422,7.37,20323.53,19982.48,20165.5,0.54
2017-08-08,7.4,7.44,7.4,7.36,21734.65,-0.03,-0.4,7.39,7.418,7.382,20510.69,20572.0,20605.84,0.7
2017-08-07,7.34,7.49,7.43,7.34,19133.89,0.06,0.81,7.4,7.412,7.401,19548.61,20076.41,20550.66,0.62
2017-08-04,7.39,7.42,7.37,7.33,18253.45,-0.03,-0.41,7.41,7.396,7.421,19530.0,19764.43,20728.93,0.59
2017-08-03,7.35,7.41,7.4,7.25,25642.1,0.05,0.68,7.416,7.383,7.448,19315.73,19610.25,20690.15,0.82
2017-08-02,7.47,7.48,7.35,7.34,17789.37,-0.1,-1.34,7.44,7.362,7.471,19641.44,19083.27,20887.11,0.57
2017-08-01,7.47,7.56,7.45,7.43,16924.24,-0.03,-0.4,7.446,7.347,7.496,20633.32,19023.74,21388.73,0.54
2017-07-31,7.45,7.49,7.48,7.34,19040.84,0.08,1.08,7.424,7.313,7.511,20604.21,19457.0,21600.94,0.61
2017-07-28,7.55,7.58,7.4,7.39,17182.09,-0.12,-1.6,7.382,7.269,7.527,19998.86,21203.66,22034.95,0.55
2017-07-27,7.38,7.53,7.52,7.3,27270.65,0.14,1.9,7.35,7.301,7.543,19904.78,21246.28,23031.2,0.88
2017-07-26,7.32,7.39,7.38,7.22,22748.76,0.04,0.55,7.284,7.317,7.55,18525.11,20348.52,23230.96,0.73
2017-07-25,7.22,7.39,7.34,7.22,16778.69,0.07,0.96,7.248,7.345,7.563,17414.17,20639.68,23902.49,0.54
2017-07-24,7.2,7.3,7.27,7.16,16014.13,0.03,0.41,7.202,7.389,7.586,18309.79,21024.92,24532.64,0.51
2017-07-21,7.19,7.32,7.24,7.16,16711.66,0.05,0.69,7.156,7.446,7.613,22408.45,21693.43,25173.49,0.54
2017-07-20,7.23,7.37,7.19,7.18,20372.3,-0.01,-0.14,7.252,7.512,7.642,22587.79,21770.05,26086.19,0.65
2017-07-19,7.13,7.21,7.2,7.02,17194.06,0.09,1.27,7.35,7.58,7.673,22171.94,22690.96,27543.98,0.55
2017-07-18,7.02,7.14,7.11,6.96,21256.79,0.07,0.99,7.442,7.644,7.722,23865.2,23753.72,30230.52,0.68
2017-07-17,7.72,7.72,7.04,7.01,36507.45,-0.68,-8.81,7.576,7.709,7.762,23740.04,23744.88,30896.43,1.17
2017-07-14,7.68,7.77,7.72,7.62,17608.34,0.04,0.52,7.736,7.784,7.805,20978.4,22866.23,30030.48,0.57
2017-07-13,7.67,7.74,7.68,7.61,18293.05,0.02,0.26,7.772,7.785,7.814,20952.31,24816.11,30127.14,0.59
2017-07-12,7.78,7.8,7.66,7.53,25660.37,-0.12,-1.54,7.81,7.783,7.822,23209.97,26113.4,30485.9,0.82
2017-07-11,7.84,7.88,7.78,7.77,20631.0,-0.06,-0.77,7.846,7.78,7.824,23642.23,27165.3,29994.92,0.66
2017-07-10,7.88,7.9,7.84,7.81,22699.24,-0.06,-0.76,7.842,7.782,7.818,23749.72,28040.36,30034.79,0.73
2017-07-07,7.88,7.94,7.9,7.79,17477.88,0.03,0.38,7.832,7.78,7.802,24754.07,28653.56,29890.07,0.56
2017-07-06,7.9,7.93,7.87,7.73,29581.37,0.03,0.38,7.798,7.771,7.795,28679.91,30402.32,29886.73,0.95
2017-07-05,7.79,7.85,7.84,7.73,27821.67,0.08,1.03,7.756,7.766,7.791,29016.82,32397.0,29637.83,0.89
2017-07-04,7.8,7.85,7.76,7.72,21168.43,-0.03,-0.39,7.714,7.799,7.789,30688.37,36707.32,30012.23,0.68
2017-07-03,7.72,7.81,7.79,7.68,27720.99,0.06,0.78,7.722,7.815,7.781,32331.0,38047.97,30026.1,0.89
2017-06-30,7.63,7.74,7.73,7.51,37107.08,0.07,0.91,7.728,7.826,7.773,32553.04,37194.72,30077.01,1.19
2017-06-29,7.61,7.67,7.66,7.54,31265.93,0.03,0.39,7.744,7.843,7.765,32124.74,35438.18,30336.29,1.01
2017-06-28,7.79,7.79,7.63,7.61,36179.42,-0.17,-2.18,7.776,7.86,7.759,35777.18,34858.4,30199.91,1.16
2017-06-27,7.8,7.88,7.8,7.77,29381.6,-0.02,-0.26,7.884,7.867,7.771,42726.26,32824.54,29807.67,0.94
2017-06-26,7.81,7.84,7.82,7.69,28831.18,0.01,0.13,7.908,7.854,7.782,43764.94,32029.21,28757.74,0.93
2017-06-23,7.85,7.85,7.81,7.61,34965.57,-0.01,-0.13,7.924,7.823,7.79,41836.4,31126.58,28233.02,1.12
2017-06-22,8.1,8.14,7.82,7.8,49528.14,-0.35,-4.28,7.942,7.818,7.791,38751.62,29371.14,27347.17,1.59
2017-06-21,7.92,8.28,8.17,7.88,70924.82,0.25,3.16,7.944,7.815,7.787,33939.62,26878.65,26035.66,2.28
2017-06-20,7.9,7.96,7.92,7.84,34575.0,0.02,0.25,7.85,7.778,7.783,22922.82,23317.14,23926.79,1.11
2017-06-19,7.86,7.94,7.9,7.81,19188.48,0.0,0.0,7.8,7.747,7.805,20293.48,22004.22,23045.41,0.62
2017-06-16,7.83,7.92,7.9,7.75,19541.65,0.07,0.89,7.722,7.719,7.831,20416.76,22959.31,23097.32,0.63
2017-06-15,7.72,7.88,7.83,7.67,25468.17,0.13,1.69,7.694,7.687,7.863,19990.66,25234.41,23861.28,0.82
2017-06-14,7.65,7.75,7.7,7.61,15840.8,0.03,0.39,7.686,7.657,7.894,19817.68,25541.41,24265.55,0.51
2017-06-13,7.48,7.7,7.67,7.43,21428.29,0.16,2.13,7.706,7.675,7.921,23711.46,26790.8,24321.55,0.69
2017-06-12,7.75,7.75,7.51,7.49,19804.9,-0.25,-3.22,7.694,7.71,7.947,23714.96,25486.26,24529.51,0.64
2017-06-09,7.78,7.8,7.76,7.65,17411.16,-0.03,-0.39,7.716,7.756,7.987,25501.85,25339.46,24941.96,0.56
2017-06-08,7.8,7.88,7.79,7.71,24603.24,-0.01,-0.13,7.68,7.764,8.02,30478.15,25323.19,25477.48,0.79
2017-06-07,7.61,7.9,7.8,7.56,35309.72,0.19,2.5,7.628,7.759,8.067,31265.14,25192.67,25394.59,1.14
2017-06-06,7.61,7.63,7.61,7.49,21445.77,-0.01,-0.13,7.644,7.788,8.109,29870.13,24536.45,24607.57,0.69
2017-06-05,7.54,7.69,7.62,7.45,28739.37,0.04,0.53,7.726,7.863,8.175,27257.57,24086.6,24684.69,0.92
2017-06-02,7.28,7.63,7.58,7.28,42292.67,0.05,0.66,7.796,7.943,8.243,25177.07,23235.34,25313.38,1.36
2017-06-01,7.89,7.89,7.53,7.5,28538.17,-0.35,-4.44,7.848,8.038,8.325,20168.23,22488.14,26896.5,0.92
2017-05-31,8.15,8.21,7.88,7.85,28334.67,-0.14,-1.75,7.89,8.131,8.396,19120.2,22989.69,27219.32,0.91
2017-05-26,7.98,8.04,8.02,7.92,8382.95,0.05,0.63,7.932,8.166,8.444,19202.76,21852.3,27202.69,0.27
2017-05-25,7.82,7.98,7.97,7.76,18336.91,0.13,1.66,8.0,8.184,8.476,20915.64,23572.76,28175.58,0.59
2017-05-24,7.78,7.88,7.84,7.54,17248.43,0.1,1.29,8.09,8.217,8.506,21293.6,24544.46,28318.07,0.55
2017-05-23,8.03,8.1,7.74,7.71,23298.05,-0.35,-4.33,8.228,8.275,8.54,24808.06,25631.77,28934.42,0.75
2017-05-22,8.37,8.38,8.09,8.03,28747.47,-0.27,-3.23,8.372,8.374,8.583,26859.18,25596.52,29388.03,0.92
2017-05-19,8.38,8.46,8.36,8.28,16947.35,-0.06,-0.71,8.4,8.43,8.622,24501.84,24678.69,28983.6,0.54
2017-05-18,8.46,8.51,8.42,8.36,20226.72,-0.11,-1.29,8.368,8.486,8.648,26229.88,25282.78,29843.81,0.65
2017-05-17,8.46,8.62,8.53,8.41,34820.69,0.07,0.83,8.344,8.542,8.678,27795.31,27391.42,31172.79,1.12
2017-05-16,8.23,8.49,8.46,8.07,33553.65,0.23,2.79,8.322,8.611,8.708,26455.49,31304.86,31620.07,1.08
2017-05-15,8.23,8.32,8.23,8.22,16960.78,0.03,0.37,8.376,8.661,8.743,24333.85,31448.95,33071.73,0.55
2017-05-12,8.21,8.35,8.2,8.12,25587.58,-0.1,-1.21,8.46,8.721,8.805,24855.54,32553.08,34962.96,0.82
2017-05-11,8.44,8.44,8.3,8.11,28053.85,-0.12,-1.43,8.604,8.767,8.884,24335.67,32778.4,36054.72,0.9
2017-05-10,8.74,8.84,8.42,8.37,28121.57,-0.31,-3.55,8.74,8.794,8.962,26987.52,32091.69,37079.58,0.9
2017-05-09,8.65,8.84,8.73,8.6,22945.49,0.08,0.93,8.9,8.805,9.042,36154.23,32237.06,38070.11,0.74
2017-05-08,8.81,8.88,8.65,8.61,19569.21,-0.27,-3.03,8.946,8.791,9.105,38564.04,33179.55,39382.77,0.63
2017-05-05,8.87,8.99,8.92,8.84,22988.21,-0.06,-0.67,8.982,8.814,9.183,40250.62,33288.52,40299.53,0.74
2017-05-04,9.25,9.25,8.98,8.91,41313.13,-0.24,-2.6,8.93,8.809,9.256,41221.13,34404.85,41012.2,1.33
2017-05-03,8.97,9.31,9.22,8.96,73955.13,0.26,2.9,8.848,8.813,9.326,37195.86,34954.17,40790.75,2.38
2017-05-02,8.74,8.97,8.96,8.69,34994.53,0.13,1.47,8.71,8.804,9.38,28319.88,31935.29,40048.27,1.12
2017-04-28,8.58,8.84,8.83,8.58,28002.11,0.17,1.96,8.636,8.824,9.446,27795.06,34694.51,42511.44,0.9
2017-04-27,8.54,8.67,8.66,8.37,27840.73,0.09,1.05,8.646,8.889,9.529,26326.41,37372.84,43734.78,0.89
2017-04-26,8.51,8.61,8.57,8.46,21186.8,0.04,0.47,8.688,9.001,9.634,27588.58,39331.04,45537.11,0.68
2017-04-25,8.57,8.6,8.53,8.39,29575.25,-0.06,-0.7,8.778,9.13,9.743,32712.47,42067.48,49397.77,0.95
2017-04-24,8.89,8.89,8.59,8.48,32370.42,-0.29,-3.27,8.898,9.279,9.889,35550.69,43903.16,51681.36,1.04
2017-04-21,8.88,8.9,8.88,8.82,20658.86,0.01,0.11,9.012,9.419,10.037,41593.95,45585.98,53696.06,0.66
2017-04-20,9.02,9.07,8.87,8.76,34151.58,-0.15,-1.66,9.132,9.551,10.149,48419.28,47310.54,53784.83,1.1
2017-04-19,9.12,9.23,9.02,8.83,46806.26,-0.11,-1.21,9.314,9.703,10.27,51073.5,47619.55,53571.86,1.5
2017-04-18,9.2,9.31,9.13,9.11,43766.32,-0.03,-0.33,9.482,9.838,10.376,51422.48,46627.34,52888.16,1.41
2017-04-17,9.48,9.48,9.16,9.05,62586.74,-0.32,-3.38,9.66,9.955,10.471,52255.64,48161.25,52247.96,2.01
2017-04-14,9.81,9.81,9.48,9.46,54785.48,-0.3,-3.07,9.826,10.068,10.571,49578.02,50328.37,51046.15,1.76
2017-04-13,9.82,9.91,9.78,9.75,47422.69,-0.08,-0.81,9.97,10.169,10.653,46201.79,50096.72,49087.97,1.52
2017-04-12,10.01,10.02,9.86,9.79,48551.18,-0.16,-1.6,10.092,10.267,10.726,44165.61,51743.17,47885.77,1.56
2017-04-11,10.0,10.07,10.02,9.72,47932.11,0.03,0.3,10.194,10.355,10.796,41832.2,56728.06,46560.3,1.54
2017-04-10,10.18,10.24,9.99,9.96,49198.62,-0.21,-2.06,10.25,10.498,10.854,44066.86,59459.56,45132.98,1.58
2017-04-07,10.39,10.44,10.2,10.18,37904.37,-0.19,-1.83,10.31,10.655,10.912,51078.72,61806.13,44574.21,1.22
2017-04-06,10.37,10.48,10.39,10.31,37241.75,0.02,0.19,10.368,10.746,10.961,53991.64,60259.12,44526.85,1.2
2017-04-05,10.29,10.38,10.37,10.12,36884.14,0.07,0.68,10.442,10.837,11.008,59320.74,59524.17,45190.02,1.19
2017-03-31,10.3,10.39,10.3,10.05,59105.42,0.01,0.1,10.516,10.914,11.06,71623.93,59148.98,45040.31,1.9
2017-03-30,10.5,10.79,10.29,10.15,84257.93,-0.2,-1.91,10.746,10.987,11.111,74852.26,56334.67,43538.2,2.71
2017-03-29,10.74,10.83,10.49,10.47,52468.97,-0.27,-2.51,11.0,11.073,11.168,72533.54,51763.93,41379.13,1.69
2017-03-28,10.74,10.89,10.76,10.54,63887.24,0.02,0.19,11.124,11.136,11.21,66526.61,48079.22,40841.89,2.05
2017-03-27,11.49,11.49,10.74,10.72,98400.09,-0.71,-6.2,11.232,11.185,11.242,59727.6,44028.36,39813.5,3.16
2017-03-24,11.54,11.66,11.45,11.3,75247.07,-0.11,-0.95,11.312,11.236,11.282,46674.03,36392.54,37007.25,2.42
2017-03-23,11.2,11.57,11.56,11.11,72664.34,0.45,4.05,11.228,11.209,11.289,37817.07,30806.4,34693.24,2.34
2017-03-22,11.28,11.28,11.11,11.03,22434.29,-0.19,-1.68,11.146,11.168,11.291,30994.31,27342.29,35083.87,0.72
2017-03-21,11.18,11.31,11.3,11.12,29892.19,0.16,1.44,11.148,11.176,11.33,29631.84,28794.59,40309.37,0.96
2017-03-20,11.05,11.24,11.14,10.97,33132.25,0.11,1.0,11.138,11.178,11.345,28329.13,30855.88,43408.62,1.07
2017-03-17,11.15,11.26,11.03,11.01,30962.29,-0.12,-1.08,11.16,11.206,11.36,26111.05,30931.64,44127.36,1.0
2017-03-16,11.1,11.21,11.15,11.05,38550.53,0.03,0.27,11.19,11.235,11.371,23795.72,30741.73,45119.94,1.24
2017-03-15,11.2,11.26,11.12,11.09,15621.93,-0.13,-1.16,11.19,11.263,11.393,23690.26,30994.34,46716.65,0.5
2017-03-14,11.2,11.38,11.25,11.2,23378.66,0.0,0.0,11.204,11.283,11.407,27957.33,33604.56,50063.81,0.75
2017-03-13,11.18,11.31,11.25,11.12,22041.84,0.07,0.63,11.218,11.298,11.401,33382.62,35598.63,51202.39,0.71
2017-03-10,11.15,11.28,11.18,11.11,19385.66,0.03,0.27,11.252,11.327,11.391,35752.23,37621.96,52316.86,0.62
2017-03-09,11.27,11.27,11.15,11.05,38023.22,-0.04,-0.36,11.28,11.369,11.382,37687.73,38580.08,55836.29,1.22
2017-03-08,11.34,11.42,11.19,11.15,36957.28,-0.13,-1.15,11.336,11.414,11.372,38298.41,42825.45,55860.14,1.19
2017-03-07,11.39,11.64,11.32,11.29,50505.12,-0.1,-0.88,11.362,11.483,11.355,39251.79,51824.15,55371.6,1.62
2017-03-06,11.27,11.55,11.42,11.2,33889.85,0.1,0.88,11.378,11.512,11.321,37814.63,55961.36,54230.0,1.09
2017-03-03,11.41,11.41,11.32,11.13,29063.17,-0.11,-0.96,11.402,11.514,11.281,39491.7,57323.08,54567.65,0.93
2017-03-02,11.31,11.44,11.43,11.3,41076.63,0.11,0.97,11.458,11.507,11.231,39472.43,59498.16,53874.66,1.32
2017-03-01,11.4,11.46,11.32,11.26,41724.19,-0.08,-0.7,11.492,11.523,11.175,47352.49,62438.96,52556.84,1.34
2017-02-28,11.51,11.63,11.4,11.31,43319.31,-0.14,-1.21,11.604,11.53,11.12,64396.51,66523.06,51492.48,1.39
2017-02-27,11.55,11.68,11.54,11.42,42275.21,-0.06,-0.52,11.646,11.503,11.06,74108.1,66806.15,50773.94,1.36
2017-02-24,11.58,11.67,11.6,11.46,28966.79,0.0,0.0,11.626,11.454,11.001,75154.47,67011.76,49744.09,0.93
2017-02-23,11.9,11.9,11.6,11.41,80476.95,-0.28,-2.36,11.556,11.394,10.936,79523.9,73092.49,49531.74,2.59
2017-02-22,11.61,12.05,11.88,11.55,126944.27,0.27,2.33,11.554,11.329,10.863,77525.43,68894.82,46631.14,4.08
2017-02-21,11.42,11.88,11.61,11.22,91877.26,0.17,1.49,11.456,11.227,10.776,68649.61,58919.05,41427.7,2.95
2017-02-20,11.26,11.47,11.44,11.13,47507.06,0.19,1.69,11.36,11.129,10.711,59504.21,52498.63,38812.63,1.53
2017-02-17,11.52,11.55,11.25,11.16,50813.96,-0.34,-2.93,11.282,11.047,10.648,58869.04,51812.21,41507.6,1.63
2017-02-16,11.34,11.6,11.59,11.2,70484.62,0.2,1.76,11.232,10.955,10.633,66661.09,48251.15,40800.21,2.27
2017-02-15,11.02,11.47,11.39,10.95,82565.13,0.26,2.34,11.104,10.826,10.61,60264.21,42674.71,38560.69,2.65
2017-02-14,11.03,11.29,11.13,10.82,46150.28,0.08,0.72,10.998,10.71,10.602,49188.49,36461.89,35989.85,1.48
2017-02-13,10.9,11.16,11.05,10.7,44331.23,0.05,0.46,10.898,10.617,10.614,45493.06,34741.72,36459.12,1.43
2017-02-10,10.95,11.6,11.0,10.9,89774.17,0.05,0.46,10.812,10.548,10.633,44755.37,32476.42,36046.24,2.89
2017-02-09,10.83,11.17,10.95,10.83,38500.26,0.09,0.83,10.678,10.477,10.65,29841.22,25970.99,33373.01,1.24
2017-02-08,10.63,10.86,10.86,10.54,27186.49,0.23,2.16,10.548,10.396,10.675,25085.21,24367.46,33891.2,0.87
2017-02-07,10.56,10.76,10.63,10.51,27673.14,0.01,0.09,10.422,10.325,10.71,23735.3,23936.36,34806.57,0.89
2017-02-06,10.32,10.66,10.62,10.32,40642.79,0.29,2.81,10.336,10.293,10.75,23990.38,25126.63,35308.05,1.31
2017-02-03,10.3,10.42,10.33,10.26,15203.43,0.03,0.29,10.284,10.248,10.782,20197.47,31202.99,34244.03,0.49
2017-01-26,10.27,10.33,10.3,10.21,14720.22,0.07,0.68,10.276,10.311,10.832,22100.75,33349.27,34712.12,0.47
2017-01-25,10.18,10.29,10.23,10.08,20436.93,0.03,0.29,10.244,10.393,10.886,23649.7,34446.66,35403.84,0.66
2017-01-24,10.36,10.45,10.2,10.19,28948.53,-0.16,-1.54,10.228,10.494,10.947,24137.41,35517.81,36666.98,0.93
2017-01-23,10.32,10.48,10.36,10.25,21678.23,0.07,0.68,10.25,10.611,10.99,26262.88,38176.52,36551.47,0.7
2017-01-20,10.08,10.32,10.29,10.08,24719.86,0.15,1.48,10.212,10.717,11.031,42208.52,39616.05,36872.43,0.79
2017-01-19,10.11,10.2,10.14,10.03,22464.93,-0.01,-0.1,10.346,10.823,11.075,44597.78,40775.03,37189.04,0.72
2017-01-18,10.23,10.41,10.15,10.14,22875.52,-0.16,-1.55,10.542,10.953,11.12,45243.62,43414.94,37673.57,0.74
2017-01-17,9.91,10.36,10.31,9.91,39575.88,0.14,1.38,10.76,11.094,11.165,46898.2,45676.79,37741.38,1.27
2017-01-16,10.95,10.95,10.17,9.86,101406.4,-0.79,-7.21,10.972,11.207,11.191,50090.16,45489.47,37306.66,3.26
2017-01-13,11.1,11.15,10.96,10.84,36666.19,-0.16,-1.44,11.222,11.316,11.229,37023.59,37285.08,33944.14,1.18
2017-01-12,11.2,11.34,11.12,11.02,25694.09,-0.12,-1.07,11.3,11.352,11.225,36952.27,36074.96,33508.47,0.83
2017-01-11,11.39,11.43,11.24,11.2,31148.45,-0.13,-1.14,11.364,11.378,11.213,41586.27,36361.03,33465.23,1.0
2017-01-10,11.43,11.65,11.37,11.36,55535.65,-0.05,-0.44,11.428,11.399,11.195,44455.37,37816.15,33614.89,1.79
2017-01-09,11.39,11.43,11.42,11.26,36073.55,0.07,0.62,11.442,11.368,11.18,40888.79,34926.42,33603.24,1.16
2017-01-06,11.47,11.47,11.35,11.23,36309.61,-0.09,-0.79,11.41,11.344,11.188,37546.57,34128.8,33855.57,1.17
2017-01-05,11.55,11.63,11.44,11.43,48864.07,-0.12,-1.04,11.404,11.326,11.202,35197.66,33603.05,33898.91,1.57
2017-01-04,11.47,11.58,11.56,11.34,45493.97,0.12,1.05,11.392,11.286,11.206,31135.8,31932.2,33018.0,1.46
2017-01-03,11.29,11.46,11.44,11.22,37702.74,0.18,1.6,11.37,11.235,11.188,31176.93,29805.98,31913.11,1.21
2016-12-30,11.33,11.42,11.26,11.21,19362.44,-0.06,-0.53,11.294,11.174,11.176,28964.04,29123.85,31974.5,0.62
2016-12-29,11.32,11.36,11.32,11.14,24565.07,-0.06,-0.53,11.278,11.142,11.181,30711.03,30603.2,33501.14,0.79
2016-12-28,11.43,11.44,11.38,11.28,28554.76,-0.07,-0.61,11.248,11.098,11.192,32008.44,30941.98,35533.24,0.92
2016-12-27,11.07,11.49,11.45,11.02,45699.64,0.39,3.53,11.18,11.047,11.186,32728.6,30569.44,36846.35,1.47
2016-12-26,11.1,11.17,11.06,10.9,26638.31,-0.12,-1.07,11.1,10.991,11.169,28435.02,29413.63,37692.13,0.86
2016-12-23,11.06,11.36,11.18,11.06,28097.37,0.01,0.09,11.054,10.991,11.181,29283.66,32280.05,38937.93,0.9
2016-12-22,11.09,11.22,11.17,10.92,31052.12,0.13,1.18,11.006,11.032,11.186,30495.37,33582.34,41571.21,1.0
2016-12-21,11.1,11.14,11.04,10.98,32155.56,-0.01,-0.09,10.948,11.077,11.195,29875.53,34194.77,45063.48,1.03
2016-12-20,10.84,11.08,11.05,10.84,24231.75,0.22,2.03,10.914,11.125,11.227,28410.27,34103.81,48262.03,0.78
2016-12-19,10.87,10.9,10.83,10.71,30881.49,-0.11,-1.0,10.882,11.141,11.266,30392.25,34020.25,52033.47,0.99
2016-12-16,10.96,11.21,10.94,10.81,34155.92,0.06,0.55,10.928,11.178,11.297,35276.45,34825.15,53322.37,1.1
2016-12-15,10.76,10.95,10.88,10.75,27952.92,0.01,0.09,11.058,11.219,11.32,36669.3,36399.07,53747.3,0.9
2016-12-14,10.86,10.94,10.87,10.71,24829.29,-0.02,-0.18,11.206,11.286,11.344,38514.01,40124.49,54432.79,0.8
2016-12-13,11.0,11.0,10.89,10.7,34141.61,-0.17,-1.54,11.336,11.324,11.369,39797.34,43123.27,56161.93,1.1
2016-12-12,11.54,11.69,11.06,10.92,55302.51,-0.53,-4.57,11.4,11.347,11.39,37648.26,45970.63,56436.18,1.78
2016-12-09,11.59,11.72,11.59,11.42,41120.18,-0.03,-0.26,11.428,11.371,11.402,34373.85,45595.81,57538.86,1.32
2016-12-08,11.52,11.74,11.62,11.44,37176.46,0.1,0.87,11.38,11.34,11.386,36128.84,49560.08,59038.73,1.2
2016-12-07,11.2,11.54,11.52,11.17,31245.92,0.31,2.77,11.366,11.313,11.362,41734.97,55932.19,60855.08,1.0
2016-12-06,11.3,11.31,11.21,11.14,23396.22,-0.01,-0.09,11.312,11.329,11.327,46449.19,62420.25,61278.8,0.75
2016-12-05,11.01,11.37,11.2,11.01,38930.47,-0.13,-1.15,11.294,11.39,11.313,54293.0,70046.69,62762.27,1.25
2016-12-02,11.59,11.59,11.35,11.16,49895.15,-0.22,-1.9,11.314,11.415,11.301,56817.76,71819.58,63103.55,1.6
2016-12-01,11.31,11.65,11.55,11.23,65207.08,0.3,2.67,11.3,11.421,11.275,62991.31,71095.53,62541.65,2.1
2016-11-30,11.1,11.38,11.25,11.0,54817.05,0.13,1.17,11.26,11.401,11.241,70129.41,68741.09,63413.23,1.76
2016-11-29,11.3,11.41,11.12,11.0,62615.25,-0.18,-1.59,11.346,11.414,11.208,78391.3,69200.59,62662.71,2.01
2016-11-28,11.35,11.45,11.3,11.11,51554.29,0.02,0.18,11.486,11.432,11.181,85800.39,66901.74,61171.21,1.66
2016-11-25,11.35,11.45,11.28,10.92,80762.86,-0.07,-0.62,11.516,11.433,11.141,86821.4,69481.9,61832.71,2.6
2016-11-24,11.68,11.79,11.35,11.21,100897.62,-0.35,-2.99,11.542,11.432,11.115,79199.75,68517.39,59624.61,3.24
2016-11-23,11.75,12.1,11.68,11.63,96126.46,-0.13,-1.1,11.542,11.411,11.093,67352.76,65777.98,56657.59,3.09
2016-11-22,11.5,11.96,11.82,11.4,99660.71,0.37,3.23,11.482,11.324,11.048,60009.89,60137.35,54175.27,3.2
2016-11-21,11.4,11.65,11.45,11.3,56659.33,0.04,0.35,11.378,11.236,11.001,48003.09,55477.85,51900.75,1.82
2016-11-18,11.38,11.47,11.41,11.3,42654.63,0.05,0.44,11.35,11.187,10.964,52142.41,54387.52,50881.45,1.37
2016-11-17,11.44,11.51,11.35,11.31,41662.69,-0.05,-0.44,11.322,11.129,10.928,57835.03,53987.77,50890.77,1.34
2016-11-16,11.27,11.55,11.38,11.27,59412.08,0.08,0.71,11.28,11.081,10.901,64203.19,58085.38,50788.24,1.91
2016-11-15,11.32,11.4,11.3,11.2,39626.73,0.0,0.0,11.166,11.001,10.869,60264.81,56124.83,50910.37,1.27
2016-11-14,11.19,11.67,11.31,11.18,77355.92,0.04,0.35,11.094,10.93,10.839,62952.61,55440.68,50874.45,2.49
2016-11-11,11.1,11.3,11.27,11.06,71117.73,0.13,1.17,11.024,10.849,10.8,56632.62,54183.53,49516.87,2.29
2016-11-10,10.9,11.16,11.14,10.85,73503.47,0.33,3.05,10.936,10.798,10.774,50140.5,50731.83,50161.57,2.36
2016-11-09,10.95,10.99,10.81,10.65,39720.19,-0.12,-1.1,10.882,10.774,10.745,51967.57,47537.21,48278.49,1.28
2016-11-08,10.96,11.02,10.94,10.84,53065.74,-0.02,-0.18,10.836,10.772,10.737,51984.85,48213.2,48695.16,1.71
2016-11-07,10.82,10.97,10.96,10.71,45755.97,0.14,1.29,10.766,10.766,10.724,47928.75,48323.64,48629.24,1.47
2016-11-04,10.81,10.94,10.83,10.73,38657.14,-0.05,-0.46,10.674,10.741,10.708,51734.43,47375.38,49704.52,1.24
2016-11-03,10.62,11.09,10.87,10.51,82638.81,0.27,2.55,10.66,10.727,10.69,51323.17,47793.78,50205.85,2.66
2016-11-02,10.6,10.69,10.58,10.46,39806.61,-0.01,-0.09,10.666,10.72,10.664,43106.85,43491.1,48627.54,1.28
2016-11-01,10.48,10.63,10.59,10.45,32785.2,0.1,0.95,10.708,10.737,10.646,44441.55,45695.91,49352.01,1.05
2016-10-31,10.66,10.73,10.5,10.32,64784.39,-0.27,-2.51,10.766,10.748,10.624,48718.54,46308.22,50322.43,2.08
2016-10-28,10.91,10.94,10.76,10.76,36600.82,-0.15,-1.38,10.808,10.75,10.603,43016.32,44850.22,50549.12,1.18
2016-10-27,10.8,10.93,10.9,10.71,41557.23,0.12,1.11,10.794,10.749,10.582,44264.39,49591.3,52507.65,1.34
2016-10-26,10.8,10.88,10.79,10.68,46480.1,-0.1,-0.92,10.774,10.715,10.564,43875.34,49019.77,55511.07,1.49
2016-10-25,10.76,10.9,10.88,10.66,54170.16,0.16,1.49,10.766,10.702,10.551,46950.26,49177.12,60939.0,1.74
2016-10-24,10.67,10.78,10.71,10.61,36273.3,0.03,0.28,10.73,10.682,10.517,43897.9,48934.83,60237.46,1.17
2016-10-21,10.83,10.84,10.69,10.52,42841.16,-0.1,-0.93,10.692,10.675,10.487,46684.12,52033.67,60296.3,1.38
2016-10-20,10.8,10.86,10.8,10.71,39611.99,0.06,0.56,10.704,10.652,10.456,54918.21,52617.92,59624.82,1.27
2016-10-19,10.66,10.94,10.75,10.65,61854.71,0.03,0.28,10.656,10.607,10.418,54164.19,53763.98,58986.28,1.99
2016-10-18,10.4,10.78,10.7,10.4,38908.36,0.18,1.71,10.638,10.554,10.38,51403.97,53008.12,58374.37,1.25
2016-10-17,10.77,10.84,10.52,10.46,50204.36,-0.25,-2.32,10.634,10.5,10.361,53971.76,54336.63,60249.08,1.61
2016-10-14,10.56,10.95,10.75,10.52,84011.61,0.19,1.8,10.658,10.456,10.347,57383.23,56248.02,60326.65,2.7
2016-10-13,10.67,10.67,10.56,10.55,35841.92,-0.08,-0.75,10.6,10.415,10.316,50317.64,55424.01,58481.1,1.15
2016-10-12,10.63,10.68,10.66,10.45,48053.61,-0.02,-0.19,10.558,10.413,10.296,53363.76,62002.38,59161.46,1.54
2016-10-11,10.64,10.72,10.68,10.57,51747.32,0.04,0.38,10.47,10.399,10.262,54612.27,72700.89,59236.99,1.66
2016-10-10,10.48,10.67,10.64,10.42,67261.67,0.19,1.82,10.366,10.352,10.218,54701.49,71540.09,59580.22,2.16
2016-09-30,10.33,10.51,10.46,10.2,48683.66,0.11,1.06,10.254,10.298,10.183,55112.81,68558.93,58088.76,1.56
2016-09-29,10.22,10.41,10.35,10.12,51072.56,0.12,1.17,10.23,10.26,10.162,60530.37,66631.73,57816.26,1.64
2016-09-28,10.18,10.36,10.22,10.12,54296.16,0.08,0.79,10.268,10.229,10.145,70640.99,64208.58,57524.71,1.75
2016-09-27,10.05,10.2,10.16,10.02,52193.41,0.06,0.59,10.328,10.206,10.132,90789.51,63740.62,56379.8,1.68
2016-09-26,10.31,10.48,10.08,10.06,69318.25,-0.26,-2.52,10.338,10.221,10.119,88378.7,66161.54,55051.8,2.23
2016-09-23,10.52,10.74,10.34,10.3,75771.49,-0.2,-1.9,10.342,10.237,10.109,82005.05,64405.29,53307.33,2.44
2016-09-22,10.42,10.63,10.54,10.39,101625.66,0.02,0.19,10.29,10.217,10.093,72733.08,61538.2,51955.93,3.27
2016-09-21,10.42,10.83,10.52,10.42,155038.72,0.31,3.04,10.19,10.178,10.075,57776.16,56320.54,50015.66,4.98
2016-09-20,10.1,10.23,10.21,10.06,40139.36,0.11,1.09,10.084,10.124,10.05,36691.74,45773.1,45210.2,1.29
2016-09-19,10.05,10.16,10.1,10.03,37450.0,0.03,0.3,10.104,10.083,10.034,43944.38,47620.34,45667.63,1.2
2016-09-14,9.96,10.16,10.08,9.91,29411.65,0.04,0.4,10.132,10.067,10.029,46805.52,47618.59,46593.65,0.95
2016-09-13,10.01,10.12,10.04,9.97,26841.07,0.04,0.4,10.144,10.064,10.026,50343.32,49000.8,48326.36,0.86
2016-09-12,10.18,10.18,9.99,9.94,49616.6,-0.34,-3.29,10.166,10.061,10.031,54864.91,50840.85,51048.14,1.59
2016-09-09,10.28,10.49,10.31,10.23,76402.59,0.07,0.68,10.164,10.057,10.04,54854.46,49018.98,53930.79,2.46
2016-09-08,10.1,10.29,10.24,10.09,51755.71,0.11,1.09,10.062,10.017,10.032,51296.3,43942.06,57219.81,1.66
2016-09-07,10.12,10.22,10.14,10.08,47100.64,0.0,0.0,10.002,9.981,10.008,48431.65,42209.37,57469.25,1.51
2016-09-06,9.97,10.19,10.15,9.89,49449.02,0.17,1.7,9.984,9.968,9.997,47658.28,42373.65,60362.06,1.59
2016-09-05,9.82,10.0,9.98,9.78,49564.33,0.18,1.84,9.956,9.971,9.971,46816.79,43710.79,60267.11,1.59
2016-09-02,9.94,9.96,9.8,9.68,58611.82,-0.14,-1.41,9.95,9.975,9.949,43183.51,44647.31,60774.93,1.88
2016-09-01,10.02,10.06,9.94,9.94,37432.44,-0.11,-1.09,9.972,9.985,9.943,36587.82,43714.92,59325.06,1.2
2016-08-31,10.09,10.21,10.05,9.97,43233.8,0.05,0.5,9.96,9.991,9.928,35987.09,45568.71,59166.78,1.39
2016-08-30,9.98,10.14,10.01,9.95,45241.57,0.06,0.6,9.952,9.987,9.902,37089.02,47651.91,60106.33,1.45
2016-08-29,9.93,10.09,9.95,9.91,31397.9,0.0,0.0,9.986,10.001,9.871,40604.79,51255.44,59676.69,1.01
2016-08-26,9.9,9.99,9.91,9.86,25633.39,0.02,0.2,10.0,10.023,9.837,46111.11,58842.6,61080.09,0.82
2016-08-25,9.95,10.01,9.88,9.81,34428.81,-0.14,-1.4,9.998,10.047,9.804,50842.02,70497.56,60956.12,1.11
2016-08-24,10.19,10.21,10.01,9.92,48743.44,-0.16,-1.57,10.022,10.034,9.775,55150.32,72729.12,61363.52,1.57
2016-08-23,10.0,10.18,10.18,9.97,62820.39,0.16,1.6,10.022,10.025,9.741,58214.8,78350.46,62519.01,2.02
2016-08-22,9.92,10.07,10.02,9.86,58929.52,0.12,1.21,10.016,9.971,9.726,61906.08,76823.43,61688.7,1.89
2016-08-19,10.02,10.02,9.9,9.87,49287.94,-0.1,-1.0,10.046,9.922,9.718,71574.09,76902.54,60724.28,1.58
2016-08-18,9.95,10.09,10.0,9.92,55970.33,-0.01,-0.1,10.096,9.9,9.712,90153.09,74935.21,60351.27,1.8
2016-08-17,10.13,10.15,10.01,9.93,64065.82,-0.13,-1.28,10.046,9.864,9.703,90307.92,72764.85,59744.34,2.06
2016-08-16,10.09,10.29,10.15,10.02,81276.81,-0.02,-0.2,10.028,9.817,9.693,98486.12,72560.75,58695.25,2.61
2016-08-15,10.09,10.24,10.17,9.92,107269.54,0.01,0.1,9.926,9.741,9.677,91740.77,68097.94,56255.2,3.45
2016-08-12,9.8,10.17,10.15,9.67,142182.95,0.4,4.1,9.798,9.651,9.655,82231.0,63317.57,55838.75,4.57
2016-08-11,9.86,9.97,9.75,9.72,56744.48,-0.16,-1.61,9.704,9.56,9.655,59717.32,51414.68,51323.12,1.82
2016-08-10,9.65,9.96,9.92,9.53,104956.8,0.29,3.01,9.682,9.516,9.682,55221.78,49997.92,51710.95,3.37
2016-08-09,9.53,9.7,9.64,9.46,47550.09,0.11,1.15,9.606,9.457,9.698,46635.39,46687.56,48996.51,1.53
2016-08-08,9.67,9.74,9.53,9.45,59720.68,-0.14,-1.45,9.556,9.481,9.725,44455.1,46553.97,49918.38,1.92
2016-08-05,9.64,9.74,9.68,9.61,29614.55,0.04,0.41,9.504,9.513,9.758,44404.14,44546.02,51949.25,0.95
2016-08-04,9.54,9.71,9.64,9.51,34266.8,0.09,0.94,9.416,9.524,9.78,43112.04,45767.33,54433.44,1.1
2016-08-03,9.36,9.72,9.54,9.3,62024.83,0.13,1.38,9.35,9.541,9.796,44774.05,46723.82,55369.11,1.99
2016-08-02,9.3,9.45,9.39,9.25,36648.64,0.11,1.19,9.308,9.569,9.817,46739.73,44829.74,55122.48,1.18
2016-08-01,9.25,9.35,9.27,9.08,59465.9,0.04,0.43,9.406,9.612,9.847,48652.84,44412.46,55841.18,1.91
2016-07-29,9.31,9.38,9.24,9.2,23154.01,-0.06,-0.65,9.522,9.659,9.878,44687.89,48359.93,55906.1,0.74
2016-07-28,9.34,9.38,9.31,9.2,42576.89,0.0,0.0,9.632,9.75,9.901,48422.62,51231.56,56837.78,1.37
2016-07-27,9.9,9.93,9.33,9.22,71853.21,-0.55,-5.57,9.732,9.847,9.92,48673.59,53423.98,56523.55,2.31
2016-07-26,9.83,9.89,9.88,9.8,46214.2,0.03,0.3,9.83,9.939,9.94,42919.76,51305.46,56017.14,1.49
2016-07-25,9.76,9.87,9.85,9.73,39641.12,0.07,0.72,9.818,9.969,9.934,40172.07,53282.79,58174.01,1.27
2016-07-22,9.83,9.87,9.79,9.74,41827.66,-0.02,-0.2,9.796,10.002,9.925,52031.97,59352.48,58802.31,1.34
2016-07-21,9.85,9.9,9.81,9.78,43831.76,0.0,0.0,9.868,10.035,9.909,54040.5,63099.55,61158.71,1.41
2016-07-20,9.82,9.87,9.82,9.75,43084.04,0.01,0.1,9.962,10.051,9.895,58174.37,64014.4,62382.72,1.38
2016-07-19,9.72,9.82,9.82,9.68,32475.78,0.08,0.82,10.048,10.065,9.878,59691.17,65415.21,62222.02,1.04
2016-07-18,9.91,9.97,9.74,9.7,98940.6,-0.41,-4.04,10.12,10.081,9.853,66393.51,67269.91,62534.38,3.18
2016-07-15,10.27,10.34,10.15,10.1,51870.31,-0.12,-1.17,10.208,10.096,9.835,66673.0,63452.28,59909.17,1.67
2016-07-14,10.23,10.43,10.28,10.16,64501.12,0.03,0.29,10.202,10.052,9.798,72158.59,62444.01,59808.83,2.07
2016-07-13,10.18,10.34,10.25,10.15,50668.04,0.07,0.69,10.14,9.993,9.754,69854.44,59623.11,59034.0,1.63
2016-07-12,10.18,10.23,10.18,10.01,65987.48,0.0,0.0,10.082,9.941,9.714,71139.25,60728.82,60453.76,2.12
2016-07-11,10.13,10.4,10.18,10.07,100338.05,0.07,0.69,10.042,9.899,9.666,68146.31,63065.23,59852.81,3.23
2016-07-08,10.02,10.16,10.12,9.95,79298.27,0.15,1.5,9.984,9.848,9.617,60231.56,58252.14,58265.52,2.55
2016-07-07,9.97,9.98,9.97,9.85,52980.35,0.02,0.2,9.902,9.783,9.598,52729.43,59217.87,57827.51,1.7
2016-07-06,9.94,10.03,9.96,9.91,57092.09,-0.02,-0.2,9.846,9.738,9.59,49391.79,60751.03,58258.14,1.84
2016-07-05,9.88,10.02,9.98,9.85,51022.78,0.1,1.01,9.8,9.691,9.586,50318.4,59028.83,58672.38,1.64
2016-07-04,9.66,9.94,9.89,9.64,60764.3,0.19,1.96,9.756,9.625,9.587,57984.15,57798.85,59158.39,1.95
2016-07-01,9.69,9.75,9.71,9.63,41787.64,0.01,0.1,9.712,9.573,9.598,56272.72,56366.06,59190.28,1.34
2016-06-30,9.75,9.77,9.69,9.64,36292.13,-0.04,-0.41,9.664,9.543,9.618,65706.31,57173.64,63604.42,1.17
2016-06-29,9.72,9.82,9.73,9.7,61725.15,-0.04,-0.41,9.63,9.514,9.62,72110.27,58444.89,65132.29,1.98
2016-06-28,9.86,9.86,9.76,9.59,89351.55,0.08,0.83,9.582,9.487,9.601,67739.25,60178.69,63536.55,2.87
2016-06-27,9.38,9.7,9.67,9.38,52207.12,0.2,2.11,9.494,9.432,9.583,57613.54,56640.39,62245.75,1.68
2016-06-24,9.52,9.63,9.47,9.16,88955.58,-0.04,-0.42,9.434,9.385,9.565,56459.41,58278.91,63366.51,2.86
2016-06-23,9.51,9.61,9.52,9.37,68311.96,0.04,0.42,9.422,9.412,9.548,48640.98,56437.15,63925.72,2.2
2016-06-22,9.34,9.5,9.49,9.31,39870.05,0.17,1.82,9.398,9.442,9.538,44779.51,55765.24,63522.17,1.28
2016-06-21,9.38,9.48,9.32,9.29,38722.99,-0.06,-0.64,9.392,9.481,9.536,52618.13,58315.92,65684.59,1.24
2016-06-20,9.32,9.4,9.37,9.12,46436.47,-0.05,-0.53,9.37,9.549,9.534,55667.24,60517.93,67744.45,1.49
2016-06-17,9.39,9.52,9.41,9.36,49863.41,0.02,0.21,9.336,9.622,9.527,60098.41,62014.5,69630.94,1.6
2016-06-16,9.47,9.48,9.4,9.34,49004.64,-0.07,-0.74,9.402,9.692,9.519,64233.33,70035.21,76214.45,1.58
2016-06-15,9.13,9.56,9.46,9.09,79063.13,0.25,2.71,9.486,9.725,9.557,66750.98,71819.69,86437.1,2.54
2016-06-14,9.25,9.27,9.21,9.1,53968.56,-0.01,-0.11,9.57,9.715,9.646,64013.72,66894.41,98778.23,1.73
2016-06-13,9.59,9.63,9.2,9.2,68592.29,-0.53,-5.45,9.728,9.734,9.747,65368.62,67851.1,111537.2,2.2
2016-06-08,9.7,9.85,9.74,9.6,70538.03,-0.08,-0.81,9.908,9.744,9.844,63930.59,68454.11,121312.96,2.27
2016-06-07,9.98,9.98,9.82,9.69,61592.87,-0.07,-0.71,9.982,9.683,9.903,75837.09,71414.28,133506.48,1.98
2016-06-06,10.0,10.1,9.88,9.78,65376.85,-0.12,-1.2,9.964,9.633,9.962,76888.41,71279.1,140169.78,2.1
2016-06-03,10.04,10.14,10.0,9.96,60743.07,-0.08,-0.79,9.86,9.591,10.012,69775.1,73053.25,151322.23,1.95
2016-06-02,10.03,10.16,10.1,9.96,61402.11,-0.01,-0.1,9.74,9.519,10.027,70333.58,74970.96,156746.12,1.97
2016-06-01,9.69,10.28,10.11,9.65,130070.53,0.38,3.9,9.58,9.431,10.094,72977.63,77247.39,158640.97,4.18
2016-05-31,9.38,9.79,9.73,9.37,66849.51,0.36,3.84,9.384,9.346,10.162,66991.48,82393.69,157727.64,2.15
2016-05-30,9.39,9.48,9.36,9.2,29810.3,-0.03,-0.32,9.302,9.389,10.261,65669.79,101054.5,161737.73,0.96
2016-05-27,9.29,9.5,9.4,9.24,63535.44,0.11,1.18,9.322,9.576,10.352,76331.4,130662.05,164690.92,2.04
2016-05-26,9.14,9.33,9.3,8.93,74622.35,0.16,1.75,9.298,9.759,10.437,79608.35,155223.3,168097.9,2.4
2016-05-25,9.39,9.48,9.13,9.09,100139.78,-0.19,-2.04,9.282,9.944,10.537,81517.15,174171.81,175466.29,3.22
2016-05-24,9.41,9.46,9.32,9.29,60241.06,-0.14,-1.48,9.308,10.122,10.626,97795.89,195598.69,176814.57,1.94
2016-05-23,9.27,9.49,9.46,9.22,83118.36,0.19,2.05,9.476,10.29,10.705,136439.22,209060.46,188611.72,2.67
2016-05-20,9.07,9.29,9.28,8.9,79920.19,0.06,0.65,9.83,10.432,10.754,184992.69,229591.2,189536.08,2.57
2016-05-19,9.29,9.5,9.22,9.18,84166.38,-0.05,-0.54,10.22,10.535,10.797,230838.26,238521.28,191858.74,2.71
2016-05-18,9.75,9.77,9.26,9.16,181533.48,-0.89,-8.77,10.606,10.757,10.828,266826.47,240034.56,195423.26,5.84
2016-05-17,11.0,11.03,10.16,10.11,253457.69,-1.04,-9.29,10.936,10.978,10.887,293401.48,233061.59,190025.78,8.15
2016-05-16,11.25,11.27,11.23,10.6,325885.72,0.01,0.09,11.104,11.132,10.904,281681.69,222420.96,182811.2,10.48
2016-05-13,11.14,11.39,11.23,10.9,309148.03,0.09,0.81,11.034,11.127,10.865,274189.72,198719.79,172343.18,9.94
2016-05-12,10.71,11.24,11.15,9.86,264107.44,0.29,2.67,10.85,11.114,10.815,246204.29,180972.5,161548.64,8.49
2016-05-11,11.2,11.27,10.91,10.52,314408.5,-0.09,-0.82,10.908,11.129,10.751,213242.65,176760.76,152839.6,10.11
2016-05-10,10.32,11.09,11.0,10.26,194858.77,0.19,1.76,11.02,11.13,10.694,172721.71,158030.45,139847.16,6.26
2016-05-09,10.0,10.97,10.88,9.36,288425.84,0.57,5.53,11.16,11.12,10.633,163160.22,168162.99,135231.45,9.27
2016-05-06,11.34,11.47,10.31,10.31,169220.92,-1.14,-9.96,11.22,11.075,10.569,123249.86,149480.96,122902.07,5.44
2016-05-05,11.41,11.46,11.44,11.14,99299.2,-0.02,-0.17,11.378,11.059,10.541,115740.7,145196.2,117411.56,3.19
2016-05-04,11.57,11.8,11.47,11.38,111803.8,-0.23,-1.97,11.35,10.899,10.457,140278.88,150811.96,115527.23,3.59
2016-05-03,11.2,11.76,11.7,11.03,147051.33,0.5,4.46,11.24,10.795,10.366,143339.19,146989.97,113749.63,4.73
2016-04-29,11.17,11.32,11.18,10.92,88874.03,0.06,0.54,11.08,10.676,10.251,173165.76,143201.44,108663.85,2.86
2016-04-28,11.06,11.39,11.1,10.79,131675.12,-0.18,-1.6,10.93,10.602,10.163,175712.07,145966.57,106916.9,4.23
2016-04-27,10.83,11.85,11.3,10.82,221990.12,0.39,3.58,10.74,10.516,10.073,174651.7,142124.79,103287.7,7.14
2016-04-26,10.6,10.93,10.92,10.55,127105.33,0.02,0.18,10.448,10.373,9.959,161345.04,128918.44,94099.34,4.09
2016-04-25,10.45,11.25,10.9,10.4,296184.22,0.49,4.71,10.35,10.257,9.874,150640.75,121663.87,90485.09,9.52
2016-04-22,10.05,10.45,10.43,9.76,101605.57,0.29,2.86,10.272,10.146,9.787,113237.12,102299.91,78027.24,3.27
2016-04-21,9.84,10.34,10.15,9.71,126373.26,0.29,2.94,10.274,10.063,9.72,116221.06,96323.17,75576.61,4.06
2016-04-20,10.31,10.64,9.84,9.67,155456.81,-0.56,-5.38,10.292,10.022,9.675,109597.88,89626.93,72236.75,5.0
2016-04-19,10.51,10.65,10.43,10.25,73583.89,-0.08,-0.76,10.298,10.015,9.641,96491.85,80242.51,66817.92,2.37
2016-04-18,10.4,10.78,10.51,10.3,109166.09,0.06,0.57,10.164,9.937,9.584,92687.0,80509.29,66734.51,3.51
2016-04-15,10.24,10.63,10.44,10.19,116525.27,0.19,1.85,10.02,9.826,9.516,91362.7,74126.26,65524.58,3.75
2016-04-14,9.95,10.28,10.24,9.89,93257.36,0.36,3.64,9.852,9.723,9.436,76425.28,67867.24,63017.79,3.0
2016-04-13,9.77,10.07,9.87,9.76,89926.64,0.1,1.02,9.752,9.63,9.35,69655.97,64450.61,60252.48,2.89
2016-04-12,9.71,9.79,9.76,9.6,54559.62,-0.03,-0.31,9.732,9.545,9.287,63993.17,59280.24,57715.23,1.75
2016-04-11,9.59,9.93,9.79,9.53,102544.62,0.17,1.77,9.71,9.49,9.228,68331.59,59306.32,57385.79,3.3
2016-04-08,9.61,9.72,9.6,9.42,41838.18,-0.16,-1.64,9.632,9.428,9.158,56889.82,53754.56,53668.1,1.34
2016-04-07,9.88,9.98,9.74,9.61,59410.78,-0.03,-0.31,9.594,9.376,9.095,59309.2,54830.05,53376.4,1.91
2016-04-06,9.66,9.98,9.77,9.6,61612.63,0.12,1.24,9.508,9.328,9.037,59245.26,54846.57,53662.86,1.98
2016-04-05,9.38,9.79,9.65,9.35,76251.73,0.26,2.77,9.358,9.267,8.993,54567.3,53393.32,54749.65,2.45
2016-04-01,9.36,9.5,9.4,9.23,45335.77,-0.02,-0.21,9.27,9.23,8.94,50281.04,52959.72,52842.84,1.46
2016-03-31,9.32,9.49,9.41,9.3,53935.07,0.1,1.07,9.224,9.205,8.888,50619.31,56922.9,53285.73,1.73
2016-03-30,9.08,9.35,9.31,9.06,59091.11,0.3,3.33,9.158,9.148,8.851,50350.91,58168.34,53537.78,1.9
2016-03-29,9.23,9.3,9.02,8.95,38222.84,-0.2,-2.17,9.148,9.069,8.819,50447.89,56054.35,54225.39,1.23
2016-03-28,9.25,9.44,9.21,9.18,54820.43,0.04,0.44,9.176,9.028,8.777,52219.34,56150.22,54451.76,1.76
2016-03-25,9.08,9.21,9.17,8.98,47027.09,0.09,0.99,9.19,8.966,8.712,55638.4,55465.27,54812.99,1.51
2016-03-24,9.2,9.22,9.08,9.05,52593.07,-0.16,-1.73,9.186,8.887,8.673,63226.48,53581.64,55581.97,1.69
2016-03-23,9.16,9.35,9.26,9.11,59576.0,0.09,0.98,9.138,8.813,8.635,65985.77,51922.75,57285.39,1.92
2016-03-22,9.26,9.27,9.16,9.16,47080.11,-0.12,-1.29,8.99,8.746,8.633,61660.81,52479.16,57061.73,1.51
2016-03-21,9.18,9.41,9.28,9.18,71915.72,0.12,1.31,8.88,8.719,8.632,60081.11,56105.99,57562.85,2.31
2016-03-18,8.9,9.3,9.15,8.81,84967.51,0.32,3.62,8.742,8.65,8.633,55292.14,52725.96,57260.39,2.73
2016-03-17,8.61,8.91,8.84,8.55,66389.49,0.32,3.76,8.588,8.57,8.629,43936.79,49648.57,55864.25,2.13
2016-03-16,8.7,8.84,8.52,8.51,37951.21,-0.08,-0.93,8.488,8.554,8.642,37859.74,48907.22,55908.29,1.22
2016-03-15,8.53,8.73,8.61,8.53,39181.6,0.02,0.23,8.502,8.568,8.666,43297.5,52396.44,57052.72,1.26
2016-03-14,8.5,8.7,8.59,8.4,47970.89,0.22,2.63,8.558,8.525,8.683,52130.87,52753.31,58731.93,1.54
2016-03-11,8.37,8.44,8.38,8.22,28190.76,0.04,0.48,8.558,8.458,8.677,50159.78,54160.72,59057.59,0.91
2016-03-10,8.53,8.65,8.34,8.33,36004.25,-0.25,-2.91,8.552,8.458,8.689,55360.36,57582.3,60596.91,1.16
2016-03-09,8.7,8.71,8.59,8.46,65140.01,-0.3,-3.38,8.62,8.457,8.712,59954.69,62648.02,62248.31,2.09
2016-03-08,8.52,8.95,8.89,8.35,83348.43,0.3,3.49,8.634,8.519,8.715,61495.37,61644.3,63397.75,2.68
2016-03-07,8.37,8.61,8.59,8.37,38115.43,0.25,3.0,8.492,8.544,8.695,53375.74,59019.71,62866.2,1.23
2016-03-04,8.59,8.69,8.35,8.2,54193.66,-0.33,-3.8,8.358,8.616,8.676,58161.66,61794.83,64668.53,1.74
2016-03-03,8.65,8.81,8.68,8.61,58975.92,0.01,0.12,8.364,8.687,8.68,59804.24,62079.94,68361.04,1.9
2016-03-02,8.22,8.7,8.66,8.18,72843.43,0.48,5.87,8.294,8.729,8.66,65341.34,62909.37,74339.9,2.34
2016-03-01,7.98,8.41,8.18,7.88,42750.27,0.27,3.41,8.404,8.763,8.686,61793.22,61709.0,83494.11,1.37
2016-02-29,8.41,8.41,7.92,7.85,62045.0,-0.46,-5.49,8.596,8.841,8.781,64663.67,64710.56,91175.03,1.99
2016-02-26,8.45,8.48,8.38,8.23,62406.59,0.05,0.6,8.874,8.896,8.916,65427.99,63954.46,101928.84,2.01
2016-02-25,9.18,9.18,8.33,8.3,86661.42,-0.89,-9.65,9.01,8.92,9.007,64355.63,63611.52,110987.63,2.79
2016-02-24,9.1,9.24,9.21,8.99,55102.81,0.07,0.77,9.164,8.967,9.054,60477.4,61848.61,115296.91,1.77
2016-02-23,9.3,9.3,9.14,9.04,57102.55,-0.17,-1.83,9.122,8.911,9.062,61624.78,65151.19,117828.44,1.84
2016-02-22,9.17,9.33,9.31,9.08,65866.6,0.26,2.87,9.086,8.845,9.074,64757.44,66712.69,120890.21,2.12
2016-02-19,9.01,9.23,9.06,8.95,57044.77,-0.03,-0.33,8.918,8.736,9.066,62480.92,67542.23,120604.89,1.83
2016-02-18,9.09,9.15,9.1,9.0,67270.27,0.1,1.11,8.83,8.672,9.071,62867.41,74642.13,122360.7,2.16
2016-02-17,8.92,9.04,9.0,8.78,60839.72,0.04,0.45,8.77,8.59,9.092,63219.82,85770.43,124084.92,1.96
2016-02-16,8.54,9.02,8.96,8.53,72765.86,0.49,5.79,8.7,8.609,9.094,68677.61,105279.22,124228.84,2.34
2016-02-15,8.23,8.56,8.47,8.23,54483.98,-0.15,-1.74,8.604,8.721,9.101,68667.94,117639.5,124315.56,1.75
2016-02-05,8.8,8.97,8.62,8.6,58977.22,-0.15,-1.71,8.554,8.935,9.136,72603.54,139903.23,126340.09,1.9
2016-02-04,8.6,8.94,8.8,8.57,69032.34,0.15,1.73,8.514,9.094,9.203,86416.86,158363.74,128661.84,2.22
2016-02-03,8.38,8.69,8.65,8.31,88128.63,0.17,2.0,8.41,9.141,9.256,108321.03,168745.2,126552.22,2.83
2016-02-02,8.22,8.58,8.48,8.19,72717.51,0.29,3.54,8.518,9.212,9.371,141880.84,170505.7,126312.22,2.34
2016-02-01,8.35,8.44,8.22,8.0,74162.0,-0.24,-2.84,8.838,9.303,9.482,166611.06,175067.72,130854.43,2.38
2016-01-29,8.3,8.52,8.42,7.96,128043.81,0.14,1.69,9.316,9.396,9.627,207202.92,173667.55,130872.04,4.12
2016-01-28,8.91,9.26,8.28,8.28,178553.19,-0.92,-10.0,9.674,9.47,9.82,230310.63,170079.26,128234.53,5.74
2016-01-27,9.98,10.08,9.19,9.13,255927.7,-0.95,-9.37,9.872,9.593,10.031,229169.38,162399.42,123579.81,8.23
2016-01-26,10.49,10.49,10.08,9.68,196368.62,-0.53,-5.0,9.906,9.578,10.19,199130.55,143178.45,114198.17,6.31
2016-01-25,10.2,10.7,10.61,10.12,277121.28,0.4,3.92,9.768,9.48,10.298,183524.38,130991.63,110448.75,8.91
2016-01-22,9.33,10.21,10.21,9.21,243582.34,0.93,10.02,9.476,9.336,10.403,140132.17,112776.96,100772.07,7.83
2016-01-21,9.22,10.0,9.27,9.15,172846.95,-0.09,-0.96,9.266,9.311,10.511,109847.89,98959.93,94142.5,5.56
2016-01-20,9.3,9.43,9.36,9.18,105733.55,-0.02,-0.21,9.314,9.37,10.677,95629.47,84359.24,95734.47,3.4
2016-01-19,9.15,9.39,9.39,8.9,118337.8,0.24,2.62,9.25,9.529,10.851,87226.36,82118.74,101741.17,3.8
2016-01-18,8.88,9.28,9.15,8.81,60160.21,-0.03,-0.33,9.192,9.66,10.993,78458.87,86641.14,104450.31,1.93
2016-01-15,9.42,9.52,9.16,8.75,92160.92,-0.39,-4.08,9.196,9.858,11.136,85421.75,88076.54,106251.62,2.96
2016-01-14,9.05,9.67,9.51,8.91,101754.86,0.48,5.32,9.356,10.17,11.281,88071.98,86389.8,107154.63,3.27
2016-01-13,9.25,9.39,9.04,8.95,63718.0,-0.06,-0.66,9.426,10.468,11.402,73089.01,84760.2,106236.01,2.05
2016-01-12,9.08,9.33,9.1,8.92,74500.35,-0.05,-0.55,9.808,10.801,11.534,77011.11,85217.88,107328.09,2.39
2016-01-11,9.83,9.88,9.17,9.0,94974.6,-0.79,-7.93,10.128,11.115,11.663,94823.42,89905.87,107210.87,3.05
2016-01-08,10.2,10.33,9.96,9.41,105412.09,0.1,1.01,10.52,11.47,11.769,90731.32,88767.18,107037.52,3.39
2016-01-07,10.75,10.75,9.86,9.86,26840.0,-1.09,-9.95,10.984,11.711,11.842,84707.61,89325.07,106766.08,0.86
2016-01-06,10.8,10.96,10.95,10.62,83328.53,0.25,2.34,11.51,11.983,11.929,96431.4,107109.7,108490.75,2.68
2016-01-05,10.9,11.37,10.7,10.3,163561.89,-0.42,-3.78,11.794,12.172,11.975,93424.64,121363.6,108661.01,5.26
2016-01-04,12.23,12.36,11.13,11.05,74514.11,-1.14,-9.29,12.102,12.325,12.056,84988.31,122259.48,105907.31,2.4
2015-12-31,12.54,12.63,12.28,12.24,75293.54,-0.21,-1.68,12.42,12.414,12.117,86803.04,124426.71,109640.77,2.42
2015-12-30,12.41,12.63,12.49,12.21,85458.93,0.13,1.05,12.438,12.392,12.106,93942.53,127919.46,111023.74,2.75
2015-12-29,12.32,12.42,12.37,12.15,68294.75,0.13,1.06,12.456,12.336,12.06,117788.0,127711.82,109724.23,2.2
2015-12-28,12.88,12.98,12.24,12.13,121380.22,-0.47,-3.7,12.55,12.267,12.028,149302.56,129438.29,109683.47,3.9
2015-12-25,12.42,12.72,12.72,12.33,83587.74,0.33,2.66,12.548,12.211,12.002,159530.65,124515.87,108858.89,2.69
2015-12-24,12.51,12.72,12.37,12.15,110990.99,-0.2,-1.59,12.408,12.067,11.944,162050.38,125307.85,111839.38,3.57
2015-12-23,12.74,13.18,12.58,12.55,204686.31,-0.27,-2.1,12.346,11.972,11.933,161896.4,124207.1,113427.57,6.58
2015-12-22,12.25,12.98,12.84,12.18,225867.53,0.61,4.99,12.216,11.874,11.916,137635.63,109871.79,110568.72,7.26
2015-12-21,11.99,12.33,12.23,11.89,172520.69,0.22,1.83,11.984,11.777,11.879,109574.03,95958.42,107412.52,5.55
2015-12-18,12.04,12.35,12.02,11.96,96186.4,-0.05,-0.41,11.874,11.786,11.856,89501.08,89555.13,106281.92,3.09
2015-12-17,11.96,12.16,12.06,11.9,110221.06,0.13,1.09,11.726,11.82,11.839,88565.32,94854.83,109007.01,3.54
2015-12-16,11.79,12.02,11.93,11.65,83382.49,0.25,2.14,11.598,11.819,11.81,86517.79,94128.03,106571.36,2.68
2015-12-15,11.7,12.11,11.68,11.65,85559.49,0.02,0.17,11.532,11.784,11.782,82107.95,91736.64,105907.54,2.75
2015-12-14,11.29,11.68,11.68,11.22,72155.95,0.4,3.55,11.57,11.789,11.776,82342.82,89928.64,108426.42,2.32
2015-12-11,11.4,11.46,11.28,11.2,91507.6,-0.18,-1.57,11.698,11.792,11.769,89609.18,93201.92,110054.33,2.94
2015-12-10,11.59,11.74,11.42,11.3,99983.44,-0.17,-1.47,11.914,11.821,11.762,101144.35,98370.91,109555.61,3.21
2015-12-09,11.81,11.89,11.6,11.51,61333.26,-0.26,-2.19,12.04,11.893,11.762,101738.26,102648.05,109731.38,1.97
2015-12-08,12.3,12.3,11.87,11.79,86733.83,-0.44,-3.57,12.036,11.958,11.764,101365.33,111265.64,112306.48,2.79
2015-12-07,12.36,12.54,12.32,12.21,108487.79,-0.04,-0.32,12.008,11.98,11.745,97514.46,118866.63,113762.34,3.49
2015-12-04,11.94,12.38,12.36,11.88,149183.42,0.31,2.57,11.886,11.926,11.709,96794.66,123008.7,117618.71,4.8
2015-12-03,11.63,12.06,12.05,11.63,102953.0,0.47,4.06,11.728,11.857,11.66,95597.46,123159.19,115697.42,3.31
2015-12-02,11.71,11.73,11.58,11.2,59468.61,-0.13,-1.11,11.746,11.801,11.624,103557.83,119014.69,119165.72,1.91
2015-12-01,11.7,11.85,11.73,11.55,67479.49,0.02,0.17,11.88,11.779,11.598,121165.95,120078.43,121404.85,2.17
2015-11-30,11.43,11.78,11.71,11.01,104888.78,0.13,1.12,11.952,11.762,11.545,140218.79,126924.2,121480.38,3.37
2015-11-27,12.07,12.17,11.57,11.2,143197.44,-0.58,-4.77,11.966,11.746,11.5,149222.74,126906.74,119719.86,4.6
2015-11-26,12.15,12.57,12.14,12.12,142754.84,-0.11,-0.9,11.986,11.702,11.471,150720.91,120740.32,116453.13,4.59
2015-11-25,12.0,12.29,12.25,11.95,147509.19,0.15,1.24,11.856,11.631,11.423,134471.55,116814.72,112720.8,4.74
2015-11-24,11.76,12.12,12.09,11.66,162743.69,0.31,2.63,11.678,11.57,11.37,118990.92,113347.32,110387.61,5.23
2015-11-23,11.6,12.03,11.78,11.58,149908.53,0.11,0.94,11.572,11.51,11.328,113629.62,108658.05,107547.5,4.82
2015-11-20,11.49,11.86,11.67,11.39,150688.3,0.17,1.48,11.526,11.491,11.308,104590.74,112228.73,107645.27,4.84
2015-11-19,11.33,11.51,11.49,11.29,61508.04,0.13,1.14,11.418,11.463,11.293,90759.74,108235.66,107826.15,1.98
2015-11-18,11.54,11.63,11.36,11.31,70106.03,-0.21,-1.81,11.406,11.447,11.274,99157.89,119316.74,113101.27,2.25
2015-11-17,11.68,11.75,11.56,11.38,135937.19,0.0,0.0,11.462,11.417,11.245,107703.72,122731.26,123467.04,4.37
2015-11-16,10.92,11.6,11.55,10.9,104714.15,0.44,3.96,11.448,11.328,11.267,103686.49,116036.56,128258.73,3.37
2015-11-13,11.37,11.37,11.13,11.07,81533.27,-0.29,-2.54,11.456,11.254,11.287,119866.71,112532.98,137052.51,2.62
2015-11-12,11.64,11.67,11.43,11.33,103498.82,-0.22,-1.89,11.508,11.24,11.321,125711.58,112165.94,153045.79,3.33
2015-11-11,11.4,11.68,11.64,11.38,112835.16,0.15,1.3,11.488,11.215,11.351,139475.59,108626.89,181034.86,3.63
2015-11-10,11.5,11.59,11.49,11.32,115851.03,-0.1,-0.86,11.372,11.169,11.418,137758.8,107427.9,175567.75,3.72
2015-11-09,11.29,11.6,11.59,11.21,185615.27,0.2,1.76,11.208,11.145,11.564,128386.63,106436.95,170036.1,5.97
2015-11-06,11.33,11.42,11.39,11.19,110757.62,0.06,0.53,11.052,11.125,11.789,105199.26,103061.82,171713.65,3.56
2015-11-05,11.1,11.52,11.33,11.09,172318.89,0.28,2.53,10.972,11.122,11.952,98620.3,107416.65,180058.58,5.54
2015-11-04,10.7,11.06,11.06,10.7,104251.2,0.39,3.65,10.942,11.1,12.067,77778.18,106885.81,183827.19,3.35
2015-11-03,10.81,10.89,10.67,10.6,68990.17,-0.14,-1.29,10.966,11.073,12.257,77096.99,124202.82,190049.78,2.22
2015-11-02,10.75,11.04,10.81,10.65,69678.41,-0.17,-1.55,11.082,11.206,12.458,84487.28,140480.91,199820.9,2.24
2015-10-30,11.2,11.22,10.99,10.9,77862.84,-0.18,-1.61,11.198,11.32,12.628,100924.38,161572.04,212520.06,2.5
2015-10-29,11.12,11.25,11.18,11.07,68108.29,0.01,0.09,11.272,11.401,12.736,116212.99,193925.64,220735.06,2.19
2015-10-28,11.17,11.46,11.18,11.11,100845.26,-0.07,-0.62,11.258,11.487,12.814,135993.43,253442.83,227818.09,3.24
2015-10-27,11.3,11.34,11.25,10.9,105941.59,-0.14,-1.23,11.18,11.666,12.875,171308.64,243707.6,232656.65,3.41
2015-10-26,11.58,11.6,11.39,11.31,151863.94,0.03,0.26,11.33,11.982,12.941,196474.53,233635.24,235270.81,4.88
2015-10-23,11.12,11.37,11.36,11.05,154305.88,0.26,2.34,11.442,12.453,12.998,222219.7,240365.48,239005.37,4.96
2015-10-22,10.79,11.14,11.11,10.59,167010.48,0.32,2.97,11.53,12.781,13.045,271638.29,252700.52,243073.19,5.37
2015-10-21,11.9,12.06,10.79,10.79,277421.31,-1.2,-10.01,11.716,13.033,13.099,370892.23,260768.56,241610.84,8.92
2015-10-20,11.85,12.15,12.0,11.83,231771.05,0.05,0.42,12.152,13.441,13.169,316106.57,255896.74,235648.54,7.45
2015-10-19,11.74,11.98,11.95,11.61,280589.78,0.16,1.36,12.634,13.71,13.171,270795.96,259160.89,231728.16,9.02
2015-10-16,11.78,11.88,11.8,11.58,401398.81,-0.21,-1.75,13.464,13.935,13.161,258511.27,263468.07,223679.97,12.9
2015-10-15,11.67,12.72,12.04,11.67,663280.19,-0.93,-7.17,14.032,14.071,13.134,233762.75,247544.48,208762.36,21.32
2015-10-14,12.97,12.97,12.97,12.97,3493.0,-1.44,-9.99,14.35,14.14,13.079,150644.9,202193.35,180199.51,0.11
2015-10-13,14.41,14.41,14.41,14.41,5218.0,-1.6,-9.99,14.73,14.084,12.995,195686.91,221605.69,185519.01,0.17
2015-06-01,14.65,16.1,16.1,14.65,219166.33,1.46,9.97,14.786,13.9,12.861,247525.82,236906.37,192675.08,7.06
2015-05-29,13.58,14.88,14.64,13.11,277656.22,1.01,7.41,14.406,13.542,12.653,268424.88,237645.26,187328.09,8.95
2015-05-28,14.75,15.5,13.63,13.55,247690.95,-1.24,-8.34,14.11,13.309,12.523,261326.22,233445.87,179914.24,7.98
2015-05-27,14.6,15.1,14.87,14.05,228703.06,0.18,1.23,13.93,13.165,12.455,253741.81,222453.11,174910.06,7.37
2015-05-26,14.27,14.7,14.69,13.86,264412.53,0.49,3.45,13.438,12.896,12.296,247524.48,215400.34,171230.79,8.52
2015-05-25,13.25,14.35,14.2,13.2,323661.62,1.04,7.9,13.014,12.632,12.175,226286.92,204295.44,166350.08,10.43
2015-05-22,12.94,13.32,13.16,12.81,242162.94,0.43,3.38,12.678,12.386,12.074,206865.64,183891.86,159794.47,7.8
2015-05-21,12.33,12.75,12.73,12.23,209768.88,0.32,2.58,12.508,12.196,12.042,205565.52,169980.24,157959.97,6.76
2015-05-20,12.6,12.97,12.41,12.38,197616.41,-0.16,-1.27,12.4,12.017,12.028,191164.42,158205.66,160716.1,6.37
2015-05-19,12.53,12.78,12.57,12.35,158224.73,0.05,0.4,12.354,11.906,12.03,183276.2,149432.33,165668.89,5.1
2015-05-18,12.2,12.57,12.52,12.1,226555.23,0.21,1.71,12.25,11.821,11.989,182303.97,148443.8,172730.57,7.3
2015-05-15,12.19,12.58,12.31,11.9,235662.33,0.12,0.98,12.094,11.764,11.94,160918.08,137010.92,172215.52,7.59
2015-05-14,12.2,12.37,12.19,12.05,137763.38,0.01,0.08,11.884,11.736,11.889,134394.96,126382.61,167103.14,4.44
2015-05-13,11.97,12.2,12.18,11.88,158175.34,0.13,1.08,11.634,11.745,11.839,125246.9,127367.01,168218.84,5.1
2015-05-12,11.72,12.16,12.05,11.63,153363.56,0.31,2.64,11.458,11.696,11.822,115588.45,127061.23,170180.53,4.94
2015-05-11,11.35,11.76,11.74,11.29,119625.8,0.48,4.26,11.392,11.718,11.804,114583.64,128404.72,170613.84,3.86
2015-05-08,11.15,11.28,11.26,11.0,103046.73,0.32,2.92,11.434,11.762,11.79,113103.75,135697.08,170899.77,3.32
2015-05-07,11.31,11.35,10.94,10.93,92023.07,-0.36,-3.19,11.588,11.887,11.789,118370.27,145939.69,175377.54,2.97
2015-05-06,11.78,12.0,11.3,11.18,109883.1,-0.42,-3.58,11.856,12.038,11.821,129487.11,163226.55,180667.47,3.54
2015-05-05,11.91,12.27,11.72,11.61,148339.48,-0.23,-1.93,11.934,12.154,11.852,138534.02,181905.45,184643.6,4.78
2015-05-04,11.92,11.98,11.95,11.72,112226.39,-0.08,-0.67,12.044,12.156,11.853,142225.81,197017.33,186410.26,3.62
2015-04-30,12.3,12.4,12.03,12.01,129379.29,-0.25,-2.04,12.09,12.116,11.839,158290.41,207420.12,190165.49,4.17
2015-04-29,11.71,12.4,12.28,11.4,147607.31,0.59,5.05,12.186,12.041,11.819,173509.12,207823.67,194466.3,4.76
2015-04-28,12.27,12.27,11.69,11.59,155117.61,-0.58,-4.73,12.22,11.932,11.769,196965.98,209070.67,198160.46,5.0
2015-04-27,12.23,12.45,12.27,12.1,166798.47,0.09,0.74,12.374,11.948,11.758,225276.89,213299.83,208759.59,5.38
2015-04-24,12.2,12.29,12.18,11.96,192549.38,-0.33,-2.64,12.268,11.89,11.692,251808.85,212822.96,218080.58,6.21
2015-04-23,12.46,12.7,12.51,12.26,205472.84,0.06,0.48,12.142,11.818,11.622,256549.83,206102.46,219182.43,6.62
2015-04-22,12.51,12.87,12.45,12.32,264891.62,-0.01,-0.08,11.896,11.69,11.537,242138.23,204815.4,225477.2,8.54
2015-04-21,11.89,12.66,12.46,11.76,296672.12,0.72,6.13,11.644,11.604,11.435,221175.36,198108.39,222660.11,9.56
2015-04-20,11.55,12.1,11.74,11.3,299458.28,0.19,1.65,11.522,11.549,11.34,201322.76,187381.75,217077.15,9.65
2015-04-17,11.35,11.64,11.55,11.18,216254.31,0.27,2.39,11.512,11.549,11.275,173837.06,175803.2,212071.22,6.97
2015-04-16,11.02,11.38,11.28,10.87,133414.8,0.09,0.8,11.494,11.562,11.226,155655.08,172910.86,215410.71,4.3
2015-04-15,11.8,11.8,11.19,11.14,160077.27,-0.66,-5.57,11.484,11.597,11.179,167492.56,181108.92,217510.69,5.16
2015-04-14,11.79,12.04,11.85,11.6,197409.16,0.16,1.37,11.564,11.606,11.132,175041.43,187250.25,220016.68,6.36
2015-04-13,11.5,11.76,11.69,11.46,162029.77,0.23,2.01,11.576,11.568,11.045,173440.74,204219.36,222282.11,5.22
2015-04-10,11.1,11.5,11.46,11.07,125344.39,0.23,2.05,11.586,11.494,10.96,177769.33,223338.21,218527.77,4.04
2015-04-09,11.52,11.53,11.23,10.85,192602.23,-0.36,-3.11,11.63,11.425,10.886,190166.65,232262.41,218611.61,6.21
2015-04-08,11.9,11.97,11.59,11.4,197821.59,-0.32,-2.69,11.71,11.384,10.821,194725.27,246139.0,214276.82,6.37
2015-04-07,11.74,11.94,11.91,11.65,189405.73,0.17,1.45,11.648,11.265,10.745,199459.06,247211.84,208254.75,6.1
2015-04-03,11.59,11.98,11.74,11.53,183672.7,0.06,0.51,11.56,11.13,10.651,234997.98,246772.54,203290.99,5.92
2015-04-02,11.63,11.7,11.68,11.4,187330.98,0.05,0.43,11.402,11.0,10.558,268907.09,248339.25,197537.1,6.04
2015-04-01,11.2,11.78,11.63,11.2,215395.34,0.35,3.1,11.22,10.89,10.469,274358.18,257910.56,192699.87,6.94
2015-03-31,11.64,11.7,11.28,11.22,221490.56,-0.19,-1.66,11.058,10.761,10.388,297552.74,253912.46,186985.51,7.14
2015-03-30,11.06,11.79,11.47,11.0,367100.34,0.52,4.75,10.882,10.658,10.31,294964.61,252783.12,179589.41,11.83
2015-03-27,10.8,11.32,10.95,10.65,353218.22,0.18,1.67,10.7,10.521,10.227,258547.1,240344.87,165784.95,11.38
2015-03-26,10.72,10.85,10.77,10.6,214586.44,-0.05,-0.46,10.598,10.426,10.166,227771.42,213717.33,153136.13,6.92
2015-03-25,10.35,10.88,10.82,10.27,331368.12,0.42,4.04,10.56,10.347,10.11,241462.95,204960.81,146828.63,10.68
2015-03-24,10.56,10.56,10.4,10.09,208549.92,-0.16,-1.51,10.464,10.258,10.036,210272.18,182414.64,132252.13,6.72
2015-03-23,10.43,10.6,10.56,10.4,185012.8,0.12,1.15,10.434,10.224,9.989,210601.63,169297.66,124244.7,5.96
2015-03-20,10.46,10.66,10.44,10.31,199339.83,-0.14,-1.32,10.342,10.172,9.928,222142.63,159809.43,117276.43,6.42
2015-03-19,10.33,10.63,10.58,10.26,283044.06,0.24,2.32,10.254,10.115,9.869,199663.24,146734.94,109378.53,9.12
2015-03-18,10.2,10.39,10.34,10.15,175414.3,0.09,0.88,10.134,10.047,9.8,168458.68,127489.19,96560.0,5.65
2015-03-17,10.13,10.32,10.25,10.05,210197.16,0.15,1.49,10.052,10.014,9.742,154557.11,120058.55,89913.74,6.77
2015-03-16,10.05,10.2,10.1,10.03,242717.8,0.1,1.0,10.014,9.962,9.683,127993.7,106395.69,81073.84,7.82
2015-03-13,9.98,10.13,10.0,9.97,86942.89,0.02,0.2,10.002,9.933,9.629,97476.24,91225.04,70461.83,2.8
2015-03-12,9.9,10.09,9.98,9.85,127021.23,0.05,0.5,9.976,9.906,9.578,93806.63,92554.93,70929.85,4.09
2015-03-11,10.04,10.08,9.93,9.79,105906.46,-0.13,-1.29,9.96,9.872,9.547,86519.7,88696.45,66691.9,3.41
2015-03-10,10.02,10.1,10.06,9.95,77380.1,0.02,0.2,9.976,9.813,9.52,85560.0,82089.62,64211.17,2.49
2015-03-09,9.78,10.12,10.04,9.73,90130.5,0.17,1.72,9.91,9.753,9.495,84797.69,79191.74,63483.35,2.9
2015-03-06,9.92,9.99,9.87,9.67,68594.86,-0.03,-0.3,9.864,9.683,9.465,84973.84,74743.43,61757.39,2.21
2015-03-05,9.88,9.97,9.9,9.82,90586.56,-0.11,-1.1,9.836,9.622,9.452,91303.24,72022.12,62025.62,2.92
2015-03-04,9.78,10.03,10.01,9.74,101107.96,0.28,2.88,9.784,9.552,9.452,90873.2,65630.81,61937.25,3.26
2015-03-03,9.8,9.8,9.73,9.68,73568.56,-0.08,-0.81,9.65,9.47,9.463,78619.25,59768.92,62517.48,2.37
2015-03-02,9.82,9.88,9.81,9.66,91011.28,0.08,0.82,9.596,9.404,9.485,73585.79,55751.99,63830.29,2.93
2015-02-27,9.66,9.84,9.73,9.66,100241.83,0.09,0.93,9.502,9.324,9.502,64513.02,49698.62,63436.11,3.23
2015-02-26,9.34,9.65,9.64,9.31,88436.36,0.3,3.21,9.408,9.25,9.511,52741.01,49304.77,62252.96,2.85
2015-02-25,9.48,9.48,9.34,9.32,39838.2,-0.12,-1.27,9.32,9.222,9.531,40388.43,44687.34,62343.28,1.28
2015-02-17,9.37,9.56,9.46,9.34,48401.27,0.12,1.28,9.29,9.226,9.564,40918.59,46332.71,64574.8,1.56
2015-02-16,9.27,9.37,9.34,9.26,45647.44,0.08,0.86,9.212,9.237,9.584,37918.19,47774.97,66465.1,1.47
2015-02-13,9.23,9.36,9.26,9.23,41381.78,0.06,0.65,9.146,9.247,9.594,34884.22,48771.35,69632.47,1.33
2015-02-12,9.19,9.22,9.2,9.1,26673.44,0.01,0.11,9.092,9.282,9.638,45868.52,52029.12,71600.32,0.86
2015-02-11,9.09,9.21,9.19,9.01,42489.03,0.12,1.32,9.124,9.352,9.687,48986.26,58243.68,74471.95,1.37
2015-02-10,9.0,9.09,9.07,9.0,33399.27,0.06,0.67,9.162,9.456,9.731,51746.83,65266.04,78922.39,1.08
2015-02-09,8.93,9.06,9.01,8.93,30477.56,0.02,0.22,9.262,9.565,9.802,57631.75,71908.6,90391.85,0.98
2015-02-06,9.35,9.36,8.99,8.92,96303.32,-0.37,-3.95,9.348,9.679,9.841,62658.49,77173.6,94079.09,3.1
2015-02-05,9.49,9.51,9.36,9.35,42262.12,-0.02,-0.21,9.472,9.771,9.89,58189.72,75201.14,99239.58,1.36
2015-02-04,9.59,9.6,9.38,9.38,56291.89,-0.19,-1.99,9.58,9.839,9.935,67501.11,79999.22,108266.08,1.81
2015-02-03,9.46,9.6,9.57,9.4,62823.86,0.13,1.38,9.75,9.901,9.976,78785.25,82816.88,128107.6,2.02
2015-02-02,9.6,9.6,9.44,9.41,55611.25,-0.17,-1.77,9.868,9.93,9.966,86185.44,85155.22,131266.28,1.79
2015-01-30,9.93,9.94,9.61,9.61,73959.46,-0.29,-2.93,10.01,9.94,9.958,91688.72,90493.59,134348.84,2.38
2015-01-29,10.03,10.06,9.9,9.81,88819.08,-0.33,-3.23,10.07,9.994,9.934,92212.57,91171.51,134086.17,2.86
2015-01-28,10.11,10.35,10.23,10.04,112712.58,0.07,0.69,10.098,10.021,9.895,92497.33,90700.21,135948.0,3.63
2015-01-27,10.15,10.25,10.16,9.94,99824.85,0.01,0.1,10.052,10.006,9.845,86848.52,92578.74,136748.3,3.22
2015-01-26,9.91,10.16,10.15,9.78,83127.63,0.24,2.42,9.992,10.038,9.793,84125.0,108875.11,136450.63,2.68
2015-01-23,10.05,10.1,9.91,9.75,76578.72,-0.13,-1.29,9.87,10.003,9.733,89298.45,110984.58,134613.85,2.47
2015-01-22,10.02,10.12,10.04,9.86,90242.87,0.04,0.4,9.918,10.008,9.686,90130.46,123278.01,134244.21,2.91
2015-01-21,9.81,10.05,10.0,9.81,84468.54,0.14,1.42,9.944,10.031,9.616,88903.09,136532.94,132016.12,2.72
2015-01-20,9.55,9.88,9.86,9.55,86207.25,0.32,3.35,9.96,10.05,9.548,98308.97,173398.32,131719.39,2.78
2015-01-19,9.88,10.04,9.54,9.4,108994.87,-0.61,-6.01,10.084,10.001,9.5,133625.22,177377.34,131064.54,3.51
2015-01-16,10.16,10.25,10.15,9.99,80738.75,-0.02,-0.2,10.136,9.975,9.472,132670.7,178204.09,128560.15,2.6
2015-01-15,10.01,10.27,10.17,9.9,84106.02,0.09,0.89,10.098,9.874,9.419,156425.56,177000.83,128904.16,2.71
2015-01-14,10.48,10.48,10.08,10.05,131497.94,-0.4,-3.82,10.118,9.769,9.374,184162.8,181195.79,128786.15,4.24
2015-01-13,9.93,10.66,10.48,9.93,262788.53,0.68,6.94,10.14,9.683,9.34,248487.67,180917.85,127437.56,8.47
2015-01-12,9.82,9.91,9.8,9.58,104222.28,-0.16,-1.61,9.918,9.547,9.282,221129.45,164026.14,119705.66,3.36
2015-01-09,10.5,10.74,9.96,9.95,199513.03,-0.31,-3.02,9.814,9.462,9.259,223737.48,158243.11,124445.78,6.43
2015-01-08,9.98,10.33,10.27,9.91,222792.2,0.08,0.79,9.65,9.363,9.213,197576.1,145210.42,119232.04,7.18
2015-01-07,9.82,10.31,10.19,9.7,453122.31,0.82,8.75,9.42,9.201,9.138,178228.79,127499.3,115337.56,14.6
2015-01-06,9.2,9.38,9.37,9.12,125997.43,0.09,0.97,9.226,9.045,9.071,113348.04,90040.45,97121.61,4.06
2015-01-05,9.14,9.36,9.28,9.13,117262.43,0.14,1.53,9.176,8.998,9.042,106922.83,84751.75,97123.03,3.78
2014-12-31,9.18,9.19,9.14,8.96,68706.12,0.02,0.22,9.11,8.969,9.035,92748.75,78916.2,97532.76,2.21
2014-12-30,9.16,9.39,9.12,9.09,126055.67,-0.1,-1.08,9.076,8.964,9.036,92844.74,80807.49,101020.62,4.06
2014-12-29,9.14,9.3,9.22,8.98,128718.53,0.1,1.1,8.982,8.979,9.028,76769.8,76376.51,98478.92,4.15
2014-12-26,8.92,9.21,9.12,8.92,93871.38,0.17,1.9,8.864,8.997,9.009,66732.87,73957.27,95301.56,3.03
2014-12-25,8.98,9.02,8.95,8.87,46392.04,-0.02,-0.22,8.82,9.016,9.002,62580.67,75385.19,94997.59,1.5
2014-12-24,8.67,9.0,8.97,8.67,69186.07,0.32,3.7,8.828,9.055,9.005,65083.65,90648.44,97348.54,2.23
2014-12-23,8.64,8.84,8.65,8.63,45680.98,0.02,0.23,8.852,9.063,9.01,68770.25,93253.66,98386.55,1.47
2014-12-22,8.89,8.89,8.63,8.56,78533.89,-0.27,-3.03,8.976,9.074,9.029,75983.22,103175.82,101133.33,2.53
2014-12-19,9.0,9.05,8.9,8.76,73110.39,-0.09,-1.0,9.13,9.096,9.045,81181.67,104202.78,102151.92,2.36
2014-12-18,9.08,9.11,8.99,8.98,58906.92,-0.1,-1.1,9.212,9.086,9.044,88189.7,109494.3,101997.55,1.9
2014-12-17,9.24,9.27,9.09,9.0,87619.06,-0.18,-1.94,9.282,9.101,9.038,116213.23,116149.32,102848.68,2.82
2014-12-16,9.4,9.49,9.27,9.21,81745.82,-0.13,-1.38,9.274,9.107,9.024,117737.08,121233.74,102143.88,2.63
2014-12-15,9.28,9.42,9.4,9.18,104526.17,0.09,0.97,9.172,9.076,9.011,130368.43,120581.32,103217.46,3.37
2014-12-12,9.35,9.35,9.31,9.18,108150.52,-0.03,-0.32,9.062,9.021,8.989,127223.88,116645.84,103144.75,3.49
2014-12-11,9.05,9.38,9.34,8.97,199024.59,0.29,3.2,8.96,8.987,8.971,130798.9,114610.0,102850.3,6.41
2014-12-10,8.77,9.07,9.05,8.72,95238.3,0.29,3.31,8.92,8.955,8.948,116085.41,104048.64,96839.4,3.07
2014-12-09,8.84,9.19,8.76,8.71,144902.55,-0.09,-1.02,8.94,8.957,8.941,124730.41,103519.43,96946.14,4.67
2014-12-08,8.75,8.93,8.85,8.7,88803.43,0.05,0.57,8.98,8.983,8.954,110794.22,99090.84,93520.68,2.86
2014-12-05,9.15,9.17,8.8,8.62,126025.65,-0.34,-3.72,8.98,8.993,8.962,106067.81,100101.06,93883.55,4.06
2014-12-04,9.12,9.18,9.14,9.07,125457.14,-0.01,-0.11,9.014,9.002,8.975,98421.09,94500.8,91205.04,4.04
2014-12-03,8.96,9.15,9.15,8.93,138463.27,0.19,2.12,8.99,8.974,8.96,92011.87,89548.04,88091.21,4.46
2014-12-02,8.85,8.99,8.96,8.81,75221.61,0.11,1.24,8.974,8.941,8.941,82308.45,83054.01,83054.01,2.42
2014-12-01,8.96,8.99,8.85,8.82,65171.38,-0.12,-1.34,8.986,8.939,8.939,87387.46,83924.28,83924.28,2.1
2014-11-28,9.0,9.01,8.97,8.9,87792.06,-0.05,-0.55,9.006,8.95,8.95,94134.31,86268.39,86268.39,2.83
2014-11-27,9.05,9.08,9.02,8.92,93411.02,-0.05,-0.55,8.99,8.947,8.947,90580.51,86050.72,86050.72,3.01
2014-11-26,9.05,9.07,9.07,8.95,89946.16,0.05,0.55,8.958,8.935,8.935,87084.21,84824.0,84824.0,2.9
2014-11-25,8.94,9.06,9.02,8.88,100616.7,0.07,0.78,8.908,8.908,8.908,83799.57,83799.57,83799.57,3.24
2014-11-24,9.0,9.05,8.95,8.86,98905.63,0.06,0.68,8.88,8.88,8.88,79595.29,79595.29,79595.29,3.19
2014-11-21,8.86,8.9,8.89,8.77,70023.05,0.03,0.34,8.857,8.857,8.857,73158.51,73158.51,73158.51,2.26
2014-11-20,8.79,8.91,8.86,8.73,75929.49,0.04,0.45,8.84,8.84,8.84,74726.24,74726.24,74726.24,2.45
2014-11-19,8.74,8.86,8.82,8.71,73522.99,-0.01,-0.11,8.82,8.82,8.82,73522.99,73522.99,73522.99,2.37
